suite,cond,axis,level,value,planner,pose,n,success,rate,ci_lo,ci_hi,loc_induced,collision_static,collision_dynamic,timeout,stuck,ttg_mean_s,loc_rmse_mean_m,loc_last10_median_m,plan_ms_mean
mclbreak,hall/clean,mclbreak,0,0.0,dwa,gt,60,60,1.0,0.9398,1.0,0,0,0,0,0,14.76,0.0,0.0,11.8
mclbreak,hall/clean,mclbreak,0,0.0,dwa,mcl,60,60,1.0,0.9398,1.0,0,0,0,0,0,14.81,0.041,0.086,12.15
mclbreak,hall/clean,mclbreak,0,0.0,mppi,gt,60,60,1.0,0.9398,1.0,0,0,0,0,0,16.26,0.0,0.0,18.95
mclbreak,hall/clean,mclbreak,0,0.0,mppi,mcl,60,60,1.0,0.9398,1.0,0,0,0,0,0,16.49,0.038,0.08,18.73
mclbreak,hall/clean,mclbreak,0,0.0,pp,gt,60,60,1.0,0.9398,1.0,0,0,0,0,0,13.61,0.0,0.0,0.27
mclbreak,hall/clean,mclbreak,0,0.0,pp,mcl,60,60,1.0,0.9398,1.0,0,0,0,0,0,13.65,0.041,0.08,0.26
mclbreak,hall/clean,mclbreak,0,0.0,pp_stop,gt,60,60,1.0,0.9398,1.0,0,0,0,0,0,13.68,0.0,0.0,0.38
mclbreak,hall/clean,mclbreak,0,0.0,pp_stop,mcl,60,60,1.0,0.9398,1.0,0,0,0,0,0,13.72,0.041,0.082,0.37
mclbreak,hall/clean,mclbreak,0,0.0,ppo,gt,60,60,1.0,0.9398,1.0,0,0,0,0,0,11.11,0.0,0.0,0.25
mclbreak,hall/clean,mclbreak,0,0.0,ppo,mcl,60,60,1.0,0.9398,1.0,0,0,0,0,0,11.12,0.047,0.091,0.25
mclbreak,hall/clean,mclbreak,0,0.0,ppo_s0,gt,60,60,1.0,0.9398,1.0,0,0,0,0,0,9.8,0.0,0.0,0.25
mclbreak,hall/clean,mclbreak,0,0.0,ppo_s0,mcl,60,60,1.0,0.9398,1.0,0,0,0,0,0,9.8,0.054,0.103,0.24
mclbreak,hall/clean,mclbreak,0,0.0,ppo_s1,gt,60,60,1.0,0.9398,1.0,0,0,0,0,0,11.11,0.0,0.0,0.25
mclbreak,hall/clean,mclbreak,0,0.0,ppo_s1,mcl,60,60,1.0,0.9398,1.0,0,0,0,0,0,11.12,0.047,0.091,0.25
mclbreak,hall/clean,mclbreak,0,0.0,ppo_s2,gt,60,56,0.9333,0.8407,0.9738,0,4,0,0,0,10.42,0.0,0.0,0.26
mclbreak,hall/clean,mclbreak,0,0.0,ppo_s2,mcl,60,56,0.9333,0.8407,0.9738,0,4,0,0,0,10.32,0.055,0.11,0.25
mclbreak,hall/odom_bias,mclbreak,1,1.0,dwa,gt,60,60,1.0,0.9398,1.0,0,0,0,0,0,14.76,0.0,0.0,11.43
mclbreak,hall/odom_bias,mclbreak,1,1.0,dwa,mcl,60,41,0.6833,0.5577,0.7869,19,0,0,0,0,42.92,4.429,4.031,11.4
mclbreak,hall/odom_bias,mclbreak,1,1.0,mppi,gt,60,60,1.0,0.9398,1.0,0,0,0,0,0,16.26,0.0,0.0,18.54
mclbreak,hall/odom_bias,mclbreak,1,1.0,mppi,mcl,60,22,0.3667,0.2562,0.4932,38,0,0,0,0,45.31,4.131,3.606,18.84
mclbreak,hall/odom_bias,mclbreak,1,1.0,pp,gt,60,60,1.0,0.9398,1.0,0,0,0,0,0,13.61,0.0,0.0,0.25
mclbreak,hall/odom_bias,mclbreak,1,1.0,pp,mcl,60,39,0.65,0.5236,0.7583,21,0,0,0,0,42.22,4.382,3.74,0.26
mclbreak,hall/odom_bias,mclbreak,1,1.0,pp_stop,gt,60,60,1.0,0.9398,1.0,0,0,0,0,0,13.68,0.0,0.0,0.34
mclbreak,hall/odom_bias,mclbreak,1,1.0,pp_stop,mcl,60,39,0.65,0.5236,0.7583,21,0,0,0,0,41.24,4.347,3.784,0.36
mclbreak,hall/odom_bias,mclbreak,1,1.0,ppo,gt,60,60,1.0,0.9398,1.0,0,0,0,0,0,11.11,0.0,0.0,0.23
mclbreak,hall/odom_bias,mclbreak,1,1.0,ppo,mcl,60,1,0.0167,0.0029,0.0886,59,0,0,0,0,44.55,4.678,4.008,0.24
mclbreak,hall/odom_bias,mclbreak,1,1.0,ppo_s0,gt,60,60,1.0,0.9398,1.0,0,0,0,0,0,9.8,0.0,0.0,0.26
mclbreak,hall/odom_bias,mclbreak,1,1.0,ppo_s0,mcl,60,36,0.6,0.4737,0.7143,24,0,0,0,0,40.86,4.395,3.398,0.24
mclbreak,hall/odom_bias,mclbreak,1,1.0,ppo_s1,gt,60,60,1.0,0.9398,1.0,0,0,0,0,0,11.11,0.0,0.0,0.23
mclbreak,hall/odom_bias,mclbreak,1,1.0,ppo_s1,mcl,60,1,0.0167,0.0029,0.0886,59,0,0,0,0,44.55,4.678,4.008,0.24
mclbreak,hall/odom_bias,mclbreak,1,1.0,ppo_s2,gt,60,56,0.9333,0.8407,0.9738,0,4,0,0,0,10.42,0.0,0.0,0.24
mclbreak,hall/odom_bias,mclbreak,1,1.0,ppo_s2,mcl,60,42,0.7,0.5749,0.801,18,0,0,0,0,40.47,4.604,3.75,0.24
mclbreak,hall/odom_bias+hidden,mclbreak,2,2.0,dwa,gt,60,59,0.9833,0.9114,0.9971,0,0,0,1,0,14.99,0.0,0.0,11.87
mclbreak,hall/odom_bias+hidden,mclbreak,2,2.0,dwa,mcl,60,40,0.6667,0.5406,0.7727,20,0,0,0,0,43.14,4.597,4.058,11.91
mclbreak,hall/odom_bias+hidden,mclbreak,2,2.0,mppi,gt,60,60,1.0,0.9398,1.0,0,0,0,0,0,16.44,0.0,0.0,18.07
mclbreak,hall/odom_bias+hidden,mclbreak,2,2.0,mppi,mcl,60,19,0.3167,0.2131,0.4423,41,0,0,0,0,46.29,4.251,3.672,18.06
mclbreak,hall/odom_bias+hidden,mclbreak,2,2.0,pp,gt,60,43,0.7167,0.5923,0.8149,0,17,0,0,0,13.62,0.0,0.0,0.26
mclbreak,hall/odom_bias+hidden,mclbreak,2,2.0,pp,mcl,60,28,0.4667,0.3463,0.5911,26,6,0,0,0,42.52,3.815,3.712,0.27
mclbreak,hall/odom_bias+hidden,mclbreak,2,2.0,pp_stop,gt,60,56,0.9333,0.8407,0.9738,0,0,0,1,3,15.42,0.0,0.0,0.35
mclbreak,hall/odom_bias+hidden,mclbreak,2,2.0,pp_stop,mcl,60,33,0.55,0.4249,0.6691,26,0,0,0,1,41.99,4.301,3.795,0.36
mclbreak,hall/odom_bias+hidden,mclbreak,2,2.0,ppo,gt,60,57,0.95,0.863,0.9829,0,3,0,0,0,11.24,0.0,0.0,0.26
mclbreak,hall/odom_bias+hidden,mclbreak,2,2.0,ppo,mcl,60,2,0.0333,0.0092,0.1136,56,0,0,2,0,43.27,4.643,4.007,0.25
mclbreak,hall/odom_bias+hidden,mclbreak,2,2.0,ppo_s0,gt,60,55,0.9167,0.8193,0.9639,0,4,0,0,1,10.13,0.0,0.0,0.25
mclbreak,hall/odom_bias+hidden,mclbreak,2,2.0,ppo_s0,mcl,60,21,0.35,0.2417,0.4764,35,3,0,1,0,42.1,4.388,3.423,0.26
mclbreak,hall/odom_bias+hidden,mclbreak,2,2.0,ppo_s1,gt,60,57,0.95,0.863,0.9829,0,3,0,0,0,11.24,0.0,0.0,0.26
mclbreak,hall/odom_bias+hidden,mclbreak,2,2.0,ppo_s1,mcl,60,2,0.0333,0.0092,0.1136,56,0,0,2,0,43.27,4.643,4.007,0.25
mclbreak,hall/odom_bias+hidden,mclbreak,2,2.0,ppo_s2,gt,60,52,0.8667,0.7583,0.9309,0,8,0,0,0,10.7,0.0,0.0,0.28
mclbreak,hall/odom_bias+hidden,mclbreak,2,2.0,ppo_s2,mcl,60,31,0.5167,0.3931,0.6382,28,1,0,0,0,41.13,4.544,3.753,0.27
mclbreak,rooms/crowd+outliers,mclbreak,3,3.0,dwa,gt,60,2,0.0333,0.0092,0.1136,0,7,51,0,0,12.25,0.0,0.0,13.16
mclbreak,rooms/crowd+outliers,mclbreak,3,3.0,dwa,mcl,60,3,0.05,0.0171,0.137,26,4,27,0,0,12.17,0.618,0.934,13.39
mclbreak,rooms/crowd+outliers,mclbreak,3,3.0,mppi,gt,60,0,0.0,0.0,0.0602,0,0,33,27,0,,0.0,0.0,20.67
mclbreak,rooms/crowd+outliers,mclbreak,3,3.0,mppi,mcl,60,0,0.0,0.0,0.0602,35,0,18,7,0,,1.108,1.254,20.55
mclbreak,rooms/crowd+outliers,mclbreak,3,3.0,pp,gt,60,3,0.05,0.0171,0.137,0,1,56,0,0,11.45,0.0,0.0,0.27
mclbreak,rooms/crowd+outliers,mclbreak,3,3.0,pp,mcl,60,2,0.0333,0.0092,0.1136,21,2,35,0,0,11.73,0.587,0.77,0.25
mclbreak,rooms/crowd+outliers,mclbreak,3,3.0,pp_stop,gt,60,2,0.0333,0.0092,0.1136,0,1,56,0,1,22.6,0.0,0.0,0.35
mclbreak,rooms/crowd+outliers,mclbreak,3,3.0,pp_stop,mcl,60,1,0.0167,0.0029,0.0886,28,1,27,0,3,39.05,0.848,0.912,0.38
mclbreak,rooms/crowd+outliers,mclbreak,3,3.0,ppo,gt,60,3,0.05,0.0171,0.137,0,9,47,0,1,28.03,0.0,0.0,0.28
mclbreak,rooms/crowd+outliers,mclbreak,3,3.0,ppo,mcl,60,1,0.0167,0.0029,0.0886,24,8,27,0,0,11.95,0.61,0.802,0.3
mclbreak,rooms/crowd+outliers,mclbreak,3,3.0,ppo_s0,gt,60,3,0.05,0.0171,0.137,0,8,49,0,0,16.38,0.0,0.0,0.27
mclbreak,rooms/crowd+outliers,mclbreak,3,3.0,ppo_s0,mcl,60,2,0.0333,0.0092,0.1136,24,5,29,0,0,10.38,0.637,0.792,0.28
mclbreak,rooms/crowd+outliers,mclbreak,3,3.0,ppo_s1,gt,60,3,0.05,0.0171,0.137,0,9,47,0,1,28.03,0.0,0.0,0.28
mclbreak,rooms/crowd+outliers,mclbreak,3,3.0,ppo_s1,mcl,60,1,0.0167,0.0029,0.0886,24,8,27,0,0,11.95,0.61,0.802,0.3
mclbreak,rooms/crowd+outliers,mclbreak,3,3.0,ppo_s2,gt,60,2,0.0333,0.0092,0.1136,0,3,54,0,1,17.0,0.0,0.0,0.3
mclbreak,rooms/crowd+outliers,mclbreak,3,3.0,ppo_s2,mcl,60,2,0.0333,0.0092,0.1136,25,2,31,0,0,17.4,0.578,0.772,0.27
nominal,nominal,nominal,0,0.0,dwa,gt,240,176,0.7333,0.674,0.7853,0,6,20,36,2,15.74,0.0,0.0,16.1
nominal,nominal,nominal,0,0.0,dwa,mcl,240,175,0.7292,0.6697,0.7815,0,6,19,37,3,15.73,0.086,0.124,15.73
nominal,nominal,nominal,0,0.0,mppi,gt,240,161,0.6708,0.6091,0.7272,0,2,42,33,2,17.7,0.0,0.0,25.89
nominal,nominal,nominal,0,0.0,mppi,mcl,240,154,0.6417,0.5792,0.6997,1,0,44,40,1,16.56,0.089,0.119,25.1
nominal,nominal,nominal,0,0.0,pp,gt,240,131,0.5458,0.4826,0.6076,0,28,81,0,0,11.56,0.0,0.0,0.32
nominal,nominal,nominal,0,0.0,pp,mcl,240,135,0.5625,0.4992,0.6238,0,27,78,0,0,11.58,0.076,0.123,0.31
nominal,nominal,nominal,0,0.0,pp_stop,gt,240,169,0.7042,0.6436,0.7583,0,4,45,1,21,13.44,0.0,0.0,0.46
nominal,nominal,nominal,0,0.0,pp_stop,mcl,240,168,0.7,0.6392,0.7545,0,3,46,4,19,13.29,0.085,0.121,0.48
nominal,nominal,nominal,0,0.0,ppo,gt,240,142,0.5917,0.5285,0.6519,0,33,54,2,9,10.5,0.0,0.0,0.26
nominal,nominal,nominal,0,0.0,ppo,mcl,240,148,0.6167,0.5538,0.6759,0,36,50,2,4,10.84,0.081,0.133,0.26
nominal,nominal,nominal,0,0.0,ppo_s0,gt,240,137,0.5708,0.5076,0.6319,0,43,52,0,8,9.7,0.0,0.0,0.26
nominal,nominal,nominal,0,0.0,ppo_s0,mcl,240,139,0.5792,0.5159,0.6399,0,43,48,1,9,9.78,0.08,0.141,0.28
nominal,nominal,nominal,0,0.0,ppo_s1,gt,240,142,0.5917,0.5285,0.6519,0,33,54,2,9,10.5,0.0,0.0,0.26
nominal,nominal,nominal,0,0.0,ppo_s1,mcl,240,148,0.6167,0.5538,0.6759,0,36,50,2,4,10.84,0.081,0.133,0.26
nominal,nominal,nominal,0,0.0,ppo_s2,gt,240,124,0.5167,0.4537,0.5791,0,38,62,1,15,12.06,0.0,0.0,0.26
nominal,nominal,nominal,0,0.0,ppo_s2,mcl,240,128,0.5333,0.4702,0.5954,0,39,60,0,13,12.09,0.08,0.135,0.27
stress,agent_density=2,agent_density,1,2.0,dwa,gt,60,37,0.6167,0.4902,0.7291,0,3,13,6,1,17.36,0.0,0.0,12.57
stress,agent_density=2,agent_density,1,2.0,dwa,mcl,60,39,0.65,0.5236,0.7583,0,2,10,9,0,17.65,0.095,0.126,12.86
stress,agent_density=2,agent_density,1,2.0,mppi,gt,60,28,0.4667,0.3463,0.5911,0,0,17,14,1,18.31,0.0,0.0,23.29
stress,agent_density=2,agent_density,1,2.0,mppi,mcl,60,27,0.45,0.3309,0.5751,0,0,16,16,1,16.61,0.097,0.111,23.56
stress,agent_density=2,agent_density,1,2.0,pp,gt,60,19,0.3167,0.2131,0.4423,0,7,34,0,0,11.8,0.0,0.0,0.31
stress,agent_density=2,agent_density,1,2.0,pp,mcl,60,20,0.3333,0.2273,0.4594,1,6,33,0,0,11.89,0.083,0.126,0.31
stress,agent_density=2,agent_density,1,2.0,pp_stop,gt,60,36,0.6,0.4737,0.7143,0,1,15,1,7,14.94,0.0,0.0,0.36
stress,agent_density=2,agent_density,1,2.0,pp_stop,mcl,60,31,0.5167,0.3931,0.6382,1,3,16,1,8,14.35,0.095,0.134,0.39
stress,agent_density=2,agent_density,1,2.0,ppo,gt,60,25,0.4167,0.3006,0.5427,0,12,21,0,2,12.66,0.0,0.0,0.3
stress,agent_density=2,agent_density,1,2.0,ppo,mcl,60,27,0.45,0.3309,0.5751,0,10,22,1,0,12.01,0.085,0.132,0.33
stress,agent_density=2,agent_density,1,2.0,ppo_s0,gt,60,23,0.3833,0.2709,0.5098,0,14,22,1,0,10.92,0.0,0.0,0.32
stress,agent_density=2,agent_density,1,2.0,ppo_s0,mcl,60,23,0.3833,0.2709,0.5098,0,14,21,0,2,10.26,0.085,0.142,0.34
stress,agent_density=2,agent_density,1,2.0,ppo_s1,gt,60,25,0.4167,0.3006,0.5427,0,12,21,0,2,12.66,0.0,0.0,0.3
stress,agent_density=2,agent_density,1,2.0,ppo_s1,mcl,60,27,0.45,0.3309,0.5751,0,10,22,1,0,12.01,0.085,0.132,0.33
stress,agent_density=2,agent_density,1,2.0,ppo_s2,gt,60,21,0.35,0.2417,0.4764,0,12,25,0,2,12.75,0.0,0.0,0.32
stress,agent_density=2,agent_density,1,2.0,ppo_s2,mcl,60,22,0.3667,0.2562,0.4932,0,10,24,0,4,11.37,0.085,0.137,0.34
stress,agent_density=3,agent_density,2,3.0,dwa,gt,60,31,0.5167,0.3931,0.6382,0,3,14,11,1,17.24,0.0,0.0,13.33
stress,agent_density=3,agent_density,2,3.0,dwa,mcl,60,37,0.6167,0.4902,0.7291,0,1,13,9,0,18.03,0.098,0.132,13.54
stress,agent_density=3,agent_density,2,3.0,mppi,gt,60,23,0.3833,0.2709,0.5098,0,0,22,13,2,19.66,0.0,0.0,23.5
stress,agent_density=3,agent_density,2,3.0,mppi,mcl,60,24,0.4,0.2857,0.5263,1,1,19,14,1,17.27,0.121,0.119,22.53
stress,agent_density=3,agent_density,2,3.0,pp,gt,60,16,0.2667,0.1713,0.3901,0,7,37,0,0,11.84,0.0,0.0,0.27
stress,agent_density=3,agent_density,2,3.0,pp,mcl,60,16,0.2667,0.1713,0.3901,1,6,37,0,0,11.88,0.086,0.123,0.27
stress,agent_density=3,agent_density,2,3.0,pp_stop,gt,60,27,0.45,0.3309,0.5751,0,2,20,0,11,14.44,0.0,0.0,0.39
stress,agent_density=3,agent_density,2,3.0,pp_stop,mcl,60,22,0.3667,0.2562,0.4932,0,3,23,0,12,13.8,0.104,0.136,0.39
stress,agent_density=3,agent_density,2,3.0,ppo,gt,60,20,0.3333,0.2273,0.4594,0,8,30,0,2,11.18,0.0,0.0,0.36
stress,agent_density=3,agent_density,2,3.0,ppo,mcl,60,20,0.3333,0.2273,0.4594,1,12,27,0,0,12.23,0.092,0.133,0.34
stress,agent_density=3,agent_density,2,3.0,ppo_s0,gt,60,19,0.3167,0.2131,0.4423,0,12,28,0,1,10.05,0.0,0.0,0.34
stress,agent_density=3,agent_density,2,3.0,ppo_s0,mcl,60,20,0.3333,0.2273,0.4594,0,12,26,0,2,10.14,0.089,0.141,0.37
stress,agent_density=3,agent_density,2,3.0,ppo_s1,gt,60,20,0.3333,0.2273,0.4594,0,8,30,0,2,11.18,0.0,0.0,0.36
stress,agent_density=3,agent_density,2,3.0,ppo_s1,mcl,60,20,0.3333,0.2273,0.4594,1,12,27,0,0,12.23,0.092,0.133,0.34
stress,agent_density=3,agent_density,2,3.0,ppo_s2,gt,60,11,0.1833,0.1056,0.2992,0,15,34,0,0,11.01,0.0,0.0,0.35
stress,agent_density=3,agent_density,2,3.0,ppo_s2,mcl,60,16,0.2667,0.1713,0.3901,0,13,30,0,1,11.48,0.091,0.13,0.32
stress,agent_density=4.5,agent_density,3,4.5,dwa,gt,60,24,0.4,0.2857,0.5263,0,3,23,9,1,17.43,0.0,0.0,13.85
stress,agent_density=4.5,agent_density,3,4.5,dwa,mcl,60,25,0.4167,0.3006,0.5427,0,3,21,10,1,18.56,0.11,0.146,13.81
stress,agent_density=4.5,agent_density,3,4.5,mppi,gt,60,14,0.2333,0.1444,0.3544,0,1,28,15,2,18.96,0.0,0.0,23.02
stress,agent_density=4.5,agent_density,3,4.5,mppi,mcl,60,16,0.2667,0.1713,0.3901,2,0,24,17,1,20.15,0.143,0.152,22.81
stress,agent_density=4.5,agent_density,3,4.5,pp,gt,60,11,0.1833,0.1056,0.2992,0,6,43,0,0,11.69,0.0,0.0,0.27
stress,agent_density=4.5,agent_density,3,4.5,pp,mcl,60,11,0.1833,0.1056,0.2992,1,5,43,0,0,11.71,0.097,0.144,0.29
stress,agent_density=4.5,agent_density,3,4.5,pp_stop,gt,60,16,0.2667,0.1713,0.3901,0,1,29,0,14,15.21,0.0,0.0,0.38
stress,agent_density=4.5,agent_density,3,4.5,pp_stop,mcl,60,17,0.2833,0.1851,0.4077,0,2,28,1,12,16.82,0.121,0.144,0.39
stress,agent_density=4.5,agent_density,3,4.5,ppo,gt,60,12,0.2,0.1183,0.3178,0,11,36,0,1,11.81,0.0,0.0,0.31
stress,agent_density=4.5,agent_density,3,4.5,ppo,mcl,60,18,0.3,0.199,0.4251,0,11,30,0,1,12.06,0.104,0.136,0.33
stress,agent_density=4.5,agent_density,3,4.5,ppo_s0,gt,60,13,0.2167,0.1312,0.3362,0,11,35,0,1,9.29,0.0,0.0,0.32
stress,agent_density=4.5,agent_density,3,4.5,ppo_s0,mcl,60,15,0.25,0.1578,0.3723,0,10,34,0,1,10.81,0.1,0.15,0.35
stress,agent_density=4.5,agent_density,3,4.5,ppo_s1,gt,60,12,0.2,0.1183,0.3178,0,11,36,0,1,11.81,0.0,0.0,0.31
stress,agent_density=4.5,agent_density,3,4.5,ppo_s1,mcl,60,18,0.3,0.199,0.4251,0,11,30,0,1,12.06,0.104,0.136,0.33
stress,agent_density=4.5,agent_density,3,4.5,ppo_s2,gt,60,10,0.1667,0.0931,0.2803,0,12,35,1,2,12.55,0.0,0.0,0.32
stress,agent_density=4.5,agent_density,3,4.5,ppo_s2,mcl,60,13,0.2167,0.1312,0.3362,0,11,33,0,3,11.78,0.106,0.143,0.33
stress,agent_density=6,agent_density,4,6.0,dwa,gt,60,15,0.25,0.1578,0.3723,0,3,29,11,2,16.2,0.0,0.0,13.24
stress,agent_density=6,agent_density,4,6.0,dwa,mcl,60,14,0.2333,0.1444,0.3544,0,3,29,13,1,16.6,0.121,0.17,13.25
stress,agent_density=6,agent_density,4,6.0,mppi,gt,60,7,0.1167,0.0577,0.2218,0,0,36,17,0,19.39,0.0,0.0,20.52
stress,agent_density=6,agent_density,4,6.0,mppi,mcl,60,5,0.0833,0.0361,0.1807,1,0,39,14,1,23.23,0.142,0.165,20.32
stress,agent_density=6,agent_density,4,6.0,pp,gt,60,7,0.1167,0.0577,0.2218,0,6,47,0,0,11.81,0.0,0.0,0.3
stress,agent_density=6,agent_density,4,6.0,pp,mcl,60,7,0.1167,0.0577,0.2218,0,6,47,0,0,11.81,0.109,0.165,0.27
stress,agent_density=6,agent_density,4,6.0,pp_stop,gt,60,8,0.1333,0.0691,0.2417,0,2,33,0,17,14.22,0.0,0.0,0.39
stress,agent_density=6,agent_density,4,6.0,pp_stop,mcl,60,7,0.1167,0.0577,0.2218,3,2,32,2,14,13.29,0.161,0.18,0.39
stress,agent_density=6,agent_density,4,6.0,ppo,gt,60,9,0.15,0.081,0.2611,0,10,40,0,1,11.49,0.0,0.0,0.3
stress,agent_density=6,agent_density,4,6.0,ppo,mcl,60,14,0.2333,0.1444,0.3544,1,11,34,0,0,11.26,0.118,0.158,0.31
stress,agent_density=6,agent_density,4,6.0,ppo_s0,gt,60,9,0.15,0.081,0.2611,0,10,41,0,0,9.78,0.0,0.0,0.28
stress,agent_density=6,agent_density,4,6.0,ppo_s0,mcl,60,9,0.15,0.081,0.2611,1,11,38,0,1,12.82,0.113,0.165,0.33
stress,agent_density=6,agent_density,4,6.0,ppo_s1,gt,60,9,0.15,0.081,0.2611,0,10,40,0,1,11.49,0.0,0.0,0.3
stress,agent_density=6,agent_density,4,6.0,ppo_s1,mcl,60,14,0.2333,0.1444,0.3544,1,11,34,0,0,11.26,0.118,0.158,0.31
stress,agent_density=6,agent_density,4,6.0,ppo_s2,gt,60,5,0.0833,0.0361,0.1807,0,14,39,0,2,15.7,0.0,0.0,0.32
stress,agent_density=6,agent_density,4,6.0,ppo_s2,mcl,60,7,0.1167,0.0577,0.2218,0,12,38,0,3,12.13,0.12,0.149,0.32
stress,agent_speed=1.5,agent_speed,1,1.5,dwa,gt,60,36,0.6,0.4737,0.7143,0,0,12,12,0,15.54,0.0,0.0,11.98
stress,agent_speed=1.5,agent_speed,1,1.5,dwa,mcl,60,36,0.6,0.4737,0.7143,0,0,12,12,0,14.64,0.075,0.111,12.13
stress,agent_speed=1.5,agent_speed,1,1.5,mppi,gt,60,39,0.65,0.5236,0.7583,0,0,17,4,0,17.85,0.0,0.0,18.86
stress,agent_speed=1.5,agent_speed,1,1.5,mppi,mcl,60,34,0.5667,0.441,0.6843,0,0,21,5,0,16.92,0.088,0.099,18.62
stress,agent_speed=1.5,agent_speed,1,1.5,pp,gt,60,34,0.5667,0.441,0.6843,0,6,20,0,0,11.73,0.0,0.0,0.51
stress,agent_speed=1.5,agent_speed,1,1.5,pp,mcl,60,35,0.5833,0.4573,0.6994,1,5,19,0,0,11.81,0.074,0.112,0.58
stress,agent_speed=1.5,agent_speed,1,1.5,pp_stop,gt,60,35,0.5833,0.4573,0.6994,0,1,20,1,3,12.66,0.0,0.0,0.41
stress,agent_speed=1.5,agent_speed,1,1.5,pp_stop,mcl,60,38,0.6333,0.5068,0.7438,0,1,16,1,4,13.01,0.076,0.111,0.48
stress,agent_speed=1.5,agent_speed,1,1.5,ppo,gt,60,32,0.5333,0.4089,0.6537,0,8,18,1,1,10.81,0.0,0.0,0.25
stress,agent_speed=1.5,agent_speed,1,1.5,ppo,mcl,60,34,0.5667,0.441,0.6843,0,6,18,1,1,11.27,0.078,0.119,0.27
stress,agent_speed=1.5,agent_speed,1,1.5,ppo_s0,gt,60,34,0.5667,0.441,0.6843,0,10,14,1,1,9.89,0.0,0.0,0.27
stress,agent_speed=1.5,agent_speed,1,1.5,ppo_s0,mcl,60,35,0.5833,0.4573,0.6994,0,8,16,0,1,10.9,0.082,0.139,0.29
stress,agent_speed=1.5,agent_speed,1,1.5,ppo_s1,gt,60,32,0.5333,0.4089,0.6537,0,8,18,1,1,10.81,0.0,0.0,0.25
stress,agent_speed=1.5,agent_speed,1,1.5,ppo_s1,mcl,60,34,0.5667,0.441,0.6843,0,6,18,1,1,11.27,0.078,0.119,0.27
stress,agent_speed=1.5,agent_speed,1,1.5,ppo_s2,gt,60,25,0.4167,0.3006,0.5427,0,12,23,0,0,12.33,0.0,0.0,0.29
stress,agent_speed=1.5,agent_speed,1,1.5,ppo_s2,mcl,60,32,0.5333,0.4089,0.6537,0,7,20,0,1,11.61,0.077,0.113,0.29
stress,agent_speed=2,agent_speed,2,2.0,dwa,gt,60,33,0.55,0.4249,0.6691,0,1,20,6,0,15.94,0.0,0.0,12.21
stress,agent_speed=2,agent_speed,2,2.0,dwa,mcl,60,32,0.5333,0.4089,0.6537,0,1,21,6,0,16.35,0.074,0.109,12.38
stress,agent_speed=2,agent_speed,2,2.0,mppi,gt,60,32,0.5333,0.4089,0.6537,0,0,20,8,0,18.07,0.0,0.0,20.14
stress,agent_speed=2,agent_speed,2,2.0,mppi,mcl,60,31,0.5167,0.3931,0.6382,0,0,23,5,1,18.17,0.087,0.099,19.61
stress,agent_speed=2,agent_speed,2,2.0,pp,gt,60,26,0.4333,0.3157,0.559,0,7,27,0,0,12.05,0.0,0.0,0.47
stress,agent_speed=2,agent_speed,2,2.0,pp,mcl,60,26,0.4333,0.3157,0.559,1,6,27,0,0,12.1,0.074,0.115,0.58
stress,agent_speed=2,agent_speed,2,2.0,pp_stop,gt,60,27,0.45,0.3309,0.5751,0,1,30,0,2,13.07,0.0,0.0,0.68
stress,agent_speed=2,agent_speed,2,2.0,pp_stop,mcl,60,27,0.45,0.3309,0.5751,0,1,31,0,1,13.24,0.074,0.11,0.72
stress,agent_speed=2,agent_speed,2,2.0,ppo,gt,60,30,0.5,0.3774,0.6226,0,10,18,0,2,11.43,0.0,0.0,0.25
stress,agent_speed=2,agent_speed,2,2.0,ppo,mcl,60,34,0.5667,0.441,0.6843,0,7,18,0,1,11.57,0.075,0.117,0.26
stress,agent_speed=2,agent_speed,2,2.0,ppo_s0,gt,60,37,0.6167,0.4902,0.7291,0,6,16,0,1,9.8,0.0,0.0,0.27
stress,agent_speed=2,agent_speed,2,2.0,ppo_s0,mcl,60,38,0.6333,0.5068,0.7438,0,5,16,0,1,9.85,0.082,0.134,0.25
stress,agent_speed=2,agent_speed,2,2.0,ppo_s1,gt,60,30,0.5,0.3774,0.6226,0,10,18,0,2,11.43,0.0,0.0,0.25
stress,agent_speed=2,agent_speed,2,2.0,ppo_s1,mcl,60,34,0.5667,0.441,0.6843,0,7,18,0,1,11.57,0.075,0.117,0.26
stress,agent_speed=2,agent_speed,2,2.0,ppo_s2,gt,60,27,0.45,0.3309,0.5751,0,9,23,0,1,11.6,0.0,0.0,0.27
stress,agent_speed=2,agent_speed,2,2.0,ppo_s2,mcl,60,30,0.5,0.3774,0.6226,0,7,22,0,1,10.3,0.077,0.117,0.27
stress,agent_speed=2.5,agent_speed,3,2.5,dwa,gt,60,31,0.5167,0.3931,0.6382,0,1,23,5,0,15.74,0.0,0.0,12.27
stress,agent_speed=2.5,agent_speed,3,2.5,dwa,mcl,60,30,0.5,0.3774,0.6226,0,0,24,6,0,15.09,0.072,0.101,11.9
stress,agent_speed=2.5,agent_speed,3,2.5,mppi,gt,60,30,0.5,0.3774,0.6226,0,0,24,6,0,18.15,0.0,0.0,18.76
stress,agent_speed=2.5,agent_speed,3,2.5,mppi,mcl,60,29,0.4833,0.3618,0.6069,1,0,24,6,0,17.69,0.09,0.104,19.18
stress,agent_speed=2.5,agent_speed,3,2.5,pp,gt,60,25,0.4167,0.3006,0.5427,0,6,29,0,0,12.08,0.0,0.0,0.57
stress,agent_speed=2.5,agent_speed,3,2.5,pp,mcl,60,25,0.4167,0.3006,0.5427,1,5,29,0,0,12.13,0.071,0.105,0.52
stress,agent_speed=2.5,agent_speed,3,2.5,pp_stop,gt,60,26,0.4333,0.3157,0.559,0,2,28,1,3,12.61,0.0,0.0,0.77
stress,agent_speed=2.5,agent_speed,3,2.5,pp_stop,mcl,60,29,0.4833,0.3618,0.6069,1,1,27,1,1,13.01,0.075,0.103,0.77
stress,agent_speed=2.5,agent_speed,3,2.5,ppo,gt,60,22,0.3667,0.2562,0.4932,0,7,28,1,2,10.48,0.0,0.0,0.27
stress,agent_speed=2.5,agent_speed,3,2.5,ppo,mcl,60,23,0.3833,0.2709,0.5098,0,8,27,1,1,11.62,0.077,0.114,0.24
stress,agent_speed=2.5,agent_speed,3,2.5,ppo_s0,gt,60,28,0.4667,0.3463,0.5911,0,7,24,0,1,9.84,0.0,0.0,0.25
stress,agent_speed=2.5,agent_speed,3,2.5,ppo_s0,mcl,60,27,0.45,0.3309,0.5751,0,8,24,0,1,10.37,0.08,0.143,0.26
stress,agent_speed=2.5,agent_speed,3,2.5,ppo_s1,gt,60,22,0.3667,0.2562,0.4932,0,7,28,1,2,10.48,0.0,0.0,0.27
stress,agent_speed=2.5,agent_speed,3,2.5,ppo_s1,mcl,60,23,0.3833,0.2709,0.5098,0,8,27,1,1,11.62,0.077,0.114,0.24
stress,agent_speed=2.5,agent_speed,3,2.5,ppo_s2,gt,60,24,0.4,0.2857,0.5263,0,8,27,0,1,14.28,0.0,0.0,0.26
stress,agent_speed=2.5,agent_speed,3,2.5,ppo_s2,mcl,60,23,0.3833,0.2709,0.5098,0,8,26,0,3,11.48,0.079,0.117,0.26
stress,agent_speed=3,agent_speed,4,3.0,dwa,gt,60,28,0.4667,0.3463,0.5911,0,0,25,7,0,13.87,0.0,0.0,11.98
stress,agent_speed=3,agent_speed,4,3.0,dwa,mcl,60,30,0.5,0.3774,0.6226,1,0,22,7,0,16.36,0.083,0.106,12.14
stress,agent_speed=3,agent_speed,4,3.0,mppi,gt,60,29,0.4833,0.3618,0.6069,0,0,25,6,0,18.67,0.0,0.0,19.4
stress,agent_speed=3,agent_speed,4,3.0,mppi,mcl,60,28,0.4667,0.3463,0.5911,1,0,24,7,0,17.91,0.089,0.101,19.13
stress,agent_speed=3,agent_speed,4,3.0,pp,gt,60,24,0.4,0.2857,0.5263,0,6,30,0,0,12.0,0.0,0.0,0.41
stress,agent_speed=3,agent_speed,4,3.0,pp,mcl,60,23,0.3833,0.2709,0.5098,0,6,31,0,0,12.13,0.073,0.105,0.42
stress,agent_speed=3,agent_speed,4,3.0,pp_stop,gt,60,26,0.4333,0.3157,0.559,0,3,29,1,1,13.75,0.0,0.0,0.75
stress,agent_speed=3,agent_speed,4,3.0,pp_stop,mcl,60,25,0.4167,0.3006,0.5427,0,3,30,1,1,12.8,0.081,0.111,0.72
stress,agent_speed=3,agent_speed,4,3.0,ppo,gt,60,21,0.35,0.2417,0.4764,0,7,30,1,1,11.17,0.0,0.0,0.26
stress,agent_speed=3,agent_speed,4,3.0,ppo,mcl,60,22,0.3667,0.2562,0.4932,0,6,31,1,0,12.01,0.079,0.119,0.25
stress,agent_speed=3,agent_speed,4,3.0,ppo_s0,gt,60,25,0.4167,0.3006,0.5427,0,6,28,0,1,10.08,0.0,0.0,0.24
stress,agent_speed=3,agent_speed,4,3.0,ppo_s0,mcl,60,25,0.4167,0.3006,0.5427,0,7,27,0,1,10.18,0.08,0.141,0.27
stress,agent_speed=3,agent_speed,4,3.0,ppo_s1,gt,60,21,0.35,0.2417,0.4764,0,7,30,1,1,11.17,0.0,0.0,0.26
stress,agent_speed=3,agent_speed,4,3.0,ppo_s1,mcl,60,22,0.3667,0.2562,0.4932,0,6,31,1,0,12.01,0.079,0.119,0.25
stress,agent_speed=3,agent_speed,4,3.0,ppo_s2,gt,60,22,0.3667,0.2562,0.4932,0,8,29,0,1,13.65,0.0,0.0,0.25
stress,agent_speed=3,agent_speed,4,3.0,ppo_s2,mcl,60,22,0.3667,0.2562,0.4932,0,9,29,0,0,10.99,0.078,0.121,0.25
stress,gyro_bias=0.03,gyro_bias,1,0.03,dwa,mcl,60,43,0.7167,0.5923,0.8149,0,4,1,12,0,16.12,0.084,0.121,15.42
stress,gyro_bias=0.03,gyro_bias,1,0.03,mppi,mcl,60,38,0.6333,0.5068,0.7438,0,0,8,13,1,16.88,0.094,0.111,26.57
stress,gyro_bias=0.03,gyro_bias,1,0.03,pp,mcl,60,33,0.55,0.4249,0.6691,1,6,20,0,0,11.73,0.081,0.117,0.34
stress,gyro_bias=0.03,gyro_bias,1,0.03,pp_stop,mcl,60,48,0.8,0.6822,0.8817,0,0,8,1,3,13.93,0.084,0.116,0.47
stress,gyro_bias=0.03,gyro_bias,1,0.03,ppo,mcl,60,33,0.55,0.4249,0.6691,0,9,16,0,2,11.48,0.084,0.133,0.31
stress,gyro_bias=0.03,gyro_bias,1,0.03,ppo_s0,mcl,60,33,0.55,0.4249,0.6691,0,9,17,0,1,10.16,0.09,0.138,0.31
stress,gyro_bias=0.03,gyro_bias,1,0.03,ppo_s1,mcl,60,33,0.55,0.4249,0.6691,0,9,16,0,2,11.48,0.084,0.133,0.31
stress,gyro_bias=0.03,gyro_bias,1,0.03,ppo_s2,mcl,60,28,0.4667,0.3463,0.5911,0,10,18,0,4,11.81,0.089,0.124,0.3
stress,gyro_bias=0.06,gyro_bias,2,0.06,dwa,mcl,60,43,0.7167,0.5923,0.8149,0,0,4,12,1,17.47,0.091,0.141,16.51
stress,gyro_bias=0.06,gyro_bias,2,0.06,mppi,mcl,60,41,0.6833,0.5577,0.7869,1,0,7,11,0,17.26,0.104,0.126,26.55
stress,gyro_bias=0.06,gyro_bias,2,0.06,pp,mcl,60,34,0.5667,0.441,0.6843,1,5,20,0,0,11.72,0.089,0.139,0.34
stress,gyro_bias=0.06,gyro_bias,2,0.06,pp_stop,mcl,60,47,0.7833,0.6638,0.8688,0,1,6,1,5,13.86,0.093,0.131,0.46
stress,gyro_bias=0.06,gyro_bias,2,0.06,ppo,mcl,60,29,0.4833,0.3618,0.6069,0,14,15,0,2,11.14,0.09,0.142,0.29
stress,gyro_bias=0.06,gyro_bias,2,0.06,ppo_s0,mcl,60,30,0.5,0.3774,0.6226,0,10,18,0,2,10.46,0.094,0.147,0.31
stress,gyro_bias=0.06,gyro_bias,2,0.06,ppo_s1,mcl,60,29,0.4833,0.3618,0.6069,0,14,15,0,2,11.14,0.09,0.142,0.29
stress,gyro_bias=0.06,gyro_bias,2,0.06,ppo_s2,mcl,60,30,0.5,0.3774,0.6226,0,9,16,2,3,12.06,0.086,0.127,0.32
stress,gyro_bias=0.1,gyro_bias,3,0.1,dwa,mcl,60,40,0.6667,0.5406,0.7727,0,1,5,12,2,15.58,0.099,0.162,16.9
stress,gyro_bias=0.1,gyro_bias,3,0.1,mppi,mcl,60,38,0.6333,0.5068,0.7438,0,0,10,12,0,16.94,0.106,0.144,26.44
stress,gyro_bias=0.1,gyro_bias,3,0.1,pp,mcl,60,32,0.5333,0.4089,0.6537,0,7,21,0,0,11.75,0.095,0.149,0.32
stress,gyro_bias=0.1,gyro_bias,3,0.1,pp_stop,mcl,60,50,0.8333,0.7197,0.9069,0,1,6,0,3,14.46,0.105,0.164,0.45
stress,gyro_bias=0.1,gyro_bias,3,0.1,ppo,mcl,60,30,0.5,0.3774,0.6226,0,12,17,1,0,10.81,0.096,0.164,0.3
stress,gyro_bias=0.1,gyro_bias,3,0.1,ppo_s0,mcl,60,33,0.55,0.4249,0.6691,0,8,19,0,0,10.42,0.093,0.15,0.29
stress,gyro_bias=0.1,gyro_bias,3,0.1,ppo_s1,mcl,60,30,0.5,0.3774,0.6226,0,12,17,1,0,10.81,0.096,0.164,0.3
stress,gyro_bias=0.1,gyro_bias,3,0.1,ppo_s2,mcl,60,28,0.4667,0.3463,0.5911,0,12,17,2,1,12.53,0.099,0.147,0.32
stress,gyro_bias=0.15,gyro_bias,4,0.15,dwa,mcl,60,41,0.6833,0.5577,0.7869,0,2,4,11,2,16.13,0.121,0.193,15.16
stress,gyro_bias=0.15,gyro_bias,4,0.15,mppi,mcl,60,41,0.6833,0.5577,0.7869,0,0,12,7,0,16.73,0.119,0.211,26.16
stress,gyro_bias=0.15,gyro_bias,4,0.15,pp,mcl,60,30,0.5,0.3774,0.6226,1,7,22,0,0,11.82,0.11,0.174,0.34
stress,gyro_bias=0.15,gyro_bias,4,0.15,pp_stop,mcl,60,44,0.7333,0.6099,0.8287,0,1,8,1,6,13.29,0.114,0.189,0.45
stress,gyro_bias=0.15,gyro_bias,4,0.15,ppo,mcl,60,32,0.5333,0.4089,0.6537,0,11,16,0,1,12.22,0.112,0.167,0.3
stress,gyro_bias=0.15,gyro_bias,4,0.15,ppo_s0,mcl,60,34,0.5667,0.441,0.6843,0,9,16,0,1,10.1,0.112,0.189,0.3
stress,gyro_bias=0.15,gyro_bias,4,0.15,ppo_s1,mcl,60,32,0.5333,0.4089,0.6537,0,11,16,0,1,12.22,0.112,0.167,0.3
stress,gyro_bias=0.15,gyro_bias,4,0.15,ppo_s2,mcl,60,29,0.4833,0.3618,0.6069,0,11,17,1,2,13.36,0.111,0.162,0.3
stress,hidden_density=10,hidden_density,4,10.0,dwa,gt,60,38,0.6333,0.5068,0.7438,0,4,2,16,0,16.09,0.0,0.0,13.08
stress,hidden_density=10,hidden_density,4,10.0,dwa,mcl,60,42,0.7,0.5749,0.801,0,2,3,13,0,15.91,0.161,0.236,12.71
stress,hidden_density=10,hidden_density,4,10.0,mppi,gt,60,34,0.5667,0.441,0.6843,0,0,11,14,1,17.41,0.0,0.0,22.45
stress,hidden_density=10,hidden_density,4,10.0,mppi,mcl,60,41,0.6833,0.5577,0.7869,0,0,11,8,0,17.67,0.144,0.182,22.89
stress,hidden_density=10,hidden_density,4,10.0,pp,gt,60,23,0.3833,0.2709,0.5098,0,21,16,0,0,11.46,0.0,0.0,0.28
stress,hidden_density=10,hidden_density,4,10.0,pp,mcl,60,26,0.4333,0.3157,0.559,1,17,16,0,0,11.6,0.126,0.153,0.26
stress,hidden_density=10,hidden_density,4,10.0,pp_stop,gt,60,47,0.7833,0.6638,0.8688,0,2,4,0,7,14.27,0.0,0.0,0.38
stress,hidden_density=10,hidden_density,4,10.0,pp_stop,mcl,60,46,0.7667,0.6456,0.8556,1,2,4,0,7,14.13,0.144,0.199,0.4
stress,hidden_density=10,hidden_density,4,10.0,ppo,gt,60,29,0.4833,0.3618,0.6069,0,13,12,1,5,11.42,0.0,0.0,0.26
stress,hidden_density=10,hidden_density,4,10.0,ppo,mcl,60,28,0.4667,0.3463,0.5911,1,14,12,1,4,10.99,0.143,0.18,0.24
stress,hidden_density=10,hidden_density,4,10.0,ppo_s0,gt,60,29,0.4833,0.3618,0.6069,0,16,13,0,2,10.23,0.0,0.0,0.24
stress,hidden_density=10,hidden_density,4,10.0,ppo_s0,mcl,60,29,0.4833,0.3618,0.6069,1,14,14,0,2,9.6,0.12,0.187,0.26
stress,hidden_density=10,hidden_density,4,10.0,ppo_s1,gt,60,29,0.4833,0.3618,0.6069,0,13,12,1,5,11.42,0.0,0.0,0.26
stress,hidden_density=10,hidden_density,4,10.0,ppo_s1,mcl,60,28,0.4667,0.3463,0.5911,1,14,12,1,4,10.99,0.143,0.18,0.24
stress,hidden_density=10,hidden_density,4,10.0,ppo_s2,gt,60,28,0.4667,0.3463,0.5911,0,14,14,0,4,14.54,0.0,0.0,0.25
stress,hidden_density=10,hidden_density,4,10.0,ppo_s2,mcl,60,30,0.5,0.3774,0.6226,0,12,14,0,4,13.68,0.141,0.183,0.25
stress,hidden_density=2,hidden_density,1,2.0,dwa,gt,60,41,0.6833,0.5577,0.7869,0,2,3,14,0,16.35,0.0,0.0,12.91
stress,hidden_density=2,hidden_density,1,2.0,dwa,mcl,60,43,0.7167,0.5923,0.8149,0,1,3,13,0,16.64,0.102,0.129,12.81
stress,hidden_density=2,hidden_density,1,2.0,mppi,gt,60,38,0.6333,0.5068,0.7438,0,0,11,10,1,17.36,0.0,0.0,37.18
stress,hidden_density=2,hidden_density,1,2.0,mppi,mcl,60,40,0.6667,0.5406,0.7727,1,0,10,9,0,16.63,0.115,0.114,38.55
stress,hidden_density=2,hidden_density,1,2.0,pp,gt,60,28,0.4667,0.3463,0.5911,0,13,19,0,0,11.62,0.0,0.0,0.27
stress,hidden_density=2,hidden_density,1,2.0,pp,mcl,60,28,0.4667,0.3463,0.5911,0,13,19,0,0,11.66,0.095,0.14,0.29
stress,hidden_density=2,hidden_density,1,2.0,pp_stop,gt,60,50,0.8333,0.7197,0.9069,0,2,4,1,3,13.97,0.0,0.0,0.39
stress,hidden_density=2,hidden_density,1,2.0,pp_stop,mcl,60,50,0.8333,0.7197,0.9069,0,2,3,1,4,13.95,0.1,0.139,0.4
stress,hidden_density=2,hidden_density,1,2.0,ppo,gt,60,33,0.55,0.4249,0.6691,0,11,14,0,2,11.55,0.0,0.0,0.24
stress,hidden_density=2,hidden_density,1,2.0,ppo,mcl,60,30,0.5,0.3774,0.6226,0,11,16,1,2,11.52,0.094,0.133,0.25
stress,hidden_density=2,hidden_density,1,2.0,ppo_s0,gt,60,28,0.4667,0.3463,0.5911,0,14,18,0,0,10.32,0.0,0.0,0.24
stress,hidden_density=2,hidden_density,1,2.0,ppo_s0,mcl,60,30,0.5,0.3774,0.6226,0,13,16,0,1,10.17,0.096,0.143,0.25
stress,hidden_density=2,hidden_density,1,2.0,ppo_s1,gt,60,33,0.55,0.4249,0.6691,0,11,14,0,2,11.55,0.0,0.0,0.24
stress,hidden_density=2,hidden_density,1,2.0,ppo_s1,mcl,60,30,0.5,0.3774,0.6226,0,11,16,1,2,11.52,0.094,0.133,0.25
stress,hidden_density=2,hidden_density,1,2.0,ppo_s2,gt,60,25,0.4167,0.3006,0.5427,0,14,16,0,5,12.75,0.0,0.0,0.25
stress,hidden_density=2,hidden_density,1,2.0,ppo_s2,mcl,60,28,0.4667,0.3463,0.5911,0,10,17,0,5,13.84,0.095,0.117,0.27
stress,hidden_density=4,hidden_density,2,4.0,dwa,gt,60,41,0.6833,0.5577,0.7869,0,4,2,13,0,16.61,0.0,0.0,13.26
stress,hidden_density=4,hidden_density,2,4.0,dwa,mcl,60,45,0.75,0.6277,0.8422,0,2,3,10,0,15.78,0.142,0.205,13.54
stress,hidden_density=4,hidden_density,2,4.0,mppi,gt,60,35,0.5833,0.4573,0.6994,0,0,11,13,1,17.34,0.0,0.0,42.51
stress,hidden_density=4,hidden_density,2,4.0,mppi,mcl,60,43,0.7167,0.5923,0.8149,0,0,10,7,0,17.58,0.132,0.183,41.35
stress,hidden_density=4,hidden_density,2,4.0,pp,gt,60,25,0.4167,0.3006,0.5427,0,19,16,0,0,11.55,0.0,0.0,0.27
stress,hidden_density=4,hidden_density,2,4.0,pp,mcl,60,28,0.4667,0.3463,0.5911,1,15,16,0,0,11.67,0.125,0.166,0.28
stress,hidden_density=4,hidden_density,2,4.0,pp_stop,gt,60,48,0.8,0.6822,0.8817,0,2,3,0,7,14.24,0.0,0.0,0.36
stress,hidden_density=4,hidden_density,2,4.0,pp_stop,mcl,60,48,0.8,0.6822,0.8817,1,1,3,1,6,14.05,0.135,0.185,0.37
stress,hidden_density=4,hidden_density,2,4.0,ppo,gt,60,31,0.5167,0.3931,0.6382,0,11,13,1,4,11.52,0.0,0.0,0.25
stress,hidden_density=4,hidden_density,2,4.0,ppo,mcl,60,28,0.4667,0.3463,0.5911,0,14,14,1,3,11.0,0.124,0.16,0.27
stress,hidden_density=4,hidden_density,2,4.0,ppo_s0,gt,60,28,0.4667,0.3463,0.5911,0,15,14,0,3,10.29,0.0,0.0,0.25
stress,hidden_density=4,hidden_density,2,4.0,ppo_s0,mcl,60,30,0.5,0.3774,0.6226,0,14,14,0,2,9.53,0.114,0.179,0.25
stress,hidden_density=4,hidden_density,2,4.0,ppo_s1,gt,60,31,0.5167,0.3931,0.6382,0,11,13,1,4,11.52,0.0,0.0,0.25
stress,hidden_density=4,hidden_density,2,4.0,ppo_s1,mcl,60,28,0.4667,0.3463,0.5911,0,14,14,1,3,11.0,0.124,0.16,0.27
stress,hidden_density=4,hidden_density,2,4.0,ppo_s2,gt,60,29,0.4833,0.3618,0.6069,0,13,15,0,3,13.57,0.0,0.0,0.25
stress,hidden_density=4,hidden_density,2,4.0,ppo_s2,mcl,60,29,0.4833,0.3618,0.6069,0,11,15,0,5,13.24,0.125,0.172,0.26
stress,hidden_density=7,hidden_density,3,7.0,dwa,gt,60,38,0.6333,0.5068,0.7438,0,4,2,16,0,16.09,0.0,0.0,12.74
stress,hidden_density=7,hidden_density,3,7.0,dwa,mcl,60,41,0.6833,0.5577,0.7869,0,2,3,14,0,15.91,0.161,0.214,12.9
stress,hidden_density=7,hidden_density,3,7.0,mppi,gt,60,34,0.5667,0.441,0.6843,0,0,11,14,1,17.41,0.0,0.0,27.2
stress,hidden_density=7,hidden_density,3,7.0,mppi,mcl,60,41,0.6833,0.5577,0.7869,0,0,11,8,0,17.63,0.152,0.197,27.13
stress,hidden_density=7,hidden_density,3,7.0,pp,gt,60,23,0.3833,0.2709,0.5098,0,21,16,0,0,11.46,0.0,0.0,0.28
stress,hidden_density=7,hidden_density,3,7.0,pp,mcl,60,26,0.4333,0.3157,0.559,1,17,16,0,0,11.6,0.125,0.153,0.27
stress,hidden_density=7,hidden_density,3,7.0,pp_stop,gt,60,47,0.7833,0.6638,0.8688,0,2,4,0,7,14.27,0.0,0.0,0.38
stress,hidden_density=7,hidden_density,3,7.0,pp_stop,mcl,60,46,0.7667,0.6456,0.8556,1,1,4,0,8,14.13,0.145,0.199,0.41
stress,hidden_density=7,hidden_density,3,7.0,ppo,gt,60,29,0.4833,0.3618,0.6069,0,13,12,1,5,11.42,0.0,0.0,0.26
stress,hidden_density=7,hidden_density,3,7.0,ppo,mcl,60,27,0.45,0.3309,0.5751,1,15,13,1,3,10.76,0.138,0.173,0.24
stress,hidden_density=7,hidden_density,3,7.0,ppo_s0,gt,60,29,0.4833,0.3618,0.6069,0,16,13,0,2,10.23,0.0,0.0,0.25
stress,hidden_density=7,hidden_density,3,7.0,ppo_s0,mcl,60,29,0.4833,0.3618,0.6069,1,14,14,0,2,9.6,0.121,0.187,0.26
stress,hidden_density=7,hidden_density,3,7.0,ppo_s1,gt,60,29,0.4833,0.3618,0.6069,0,13,12,1,5,11.42,0.0,0.0,0.26
stress,hidden_density=7,hidden_density,3,7.0,ppo_s1,mcl,60,27,0.45,0.3309,0.5751,1,15,13,1,3,10.76,0.138,0.173,0.24
stress,hidden_density=7,hidden_density,3,7.0,ppo_s2,gt,60,28,0.4667,0.3463,0.5911,0,13,15,0,4,14.54,0.0,0.0,0.26
stress,hidden_density=7,hidden_density,3,7.0,ppo_s2,mcl,60,30,0.5,0.3774,0.6226,0,11,15,0,4,13.68,0.14,0.183,0.25
stress,lidar_dropout=0.1,lidar_dropout,1,0.1,dwa,mcl,60,43,0.7167,0.5923,0.8149,0,2,4,11,0,16.07,0.082,0.116,16.53
stress,lidar_dropout=0.1,lidar_dropout,1,0.1,mppi,mcl,60,39,0.65,0.5236,0.7583,0,0,10,11,0,18.06,0.086,0.102,24.39
stress,lidar_dropout=0.1,lidar_dropout,1,0.1,pp,mcl,60,33,0.55,0.4249,0.6691,1,6,20,0,0,11.73,0.08,0.115,0.32
stress,lidar_dropout=0.1,lidar_dropout,1,0.1,pp_stop,mcl,60,47,0.7833,0.6638,0.8688,0,1,6,2,4,13.39,0.083,0.117,0.48
stress,lidar_dropout=0.1,lidar_dropout,1,0.1,ppo,mcl,60,30,0.5,0.3774,0.6226,0,12,15,1,2,11.39,0.083,0.119,0.31
stress,lidar_dropout=0.1,lidar_dropout,1,0.1,ppo_s0,mcl,60,31,0.5167,0.3931,0.6382,0,10,17,0,2,10.33,0.089,0.138,0.31
stress,lidar_dropout=0.1,lidar_dropout,1,0.1,ppo_s1,mcl,60,30,0.5,0.3774,0.6226,0,12,15,1,2,11.39,0.083,0.119,0.31
stress,lidar_dropout=0.1,lidar_dropout,1,0.1,ppo_s2,mcl,60,33,0.55,0.4249,0.6691,0,8,16,0,3,11.83,0.083,0.116,0.28
stress,lidar_dropout=0.2,lidar_dropout,2,0.2,dwa,mcl,60,40,0.6667,0.5406,0.7727,0,3,4,12,1,14.51,0.084,0.13,16.25
stress,lidar_dropout=0.2,lidar_dropout,2,0.2,mppi,mcl,60,32,0.5333,0.4089,0.6537,0,1,14,12,1,16.34,0.088,0.104,24.71
stress,lidar_dropout=0.2,lidar_dropout,2,0.2,pp,mcl,60,33,0.55,0.4249,0.6691,1,6,20,0,0,11.72,0.081,0.123,0.35
stress,lidar_dropout=0.2,lidar_dropout,2,0.2,pp_stop,mcl,60,46,0.7667,0.6456,0.8556,0,0,7,1,6,13.83,0.087,0.129,0.53
stress,lidar_dropout=0.2,lidar_dropout,2,0.2,ppo,mcl,60,34,0.5667,0.441,0.6843,0,11,14,0,1,11.61,0.083,0.126,0.3
stress,lidar_dropout=0.2,lidar_dropout,2,0.2,ppo_s0,mcl,60,30,0.5,0.3774,0.6226,0,12,17,0,1,9.7,0.092,0.152,0.28
stress,lidar_dropout=0.2,lidar_dropout,2,0.2,ppo_s1,mcl,60,34,0.5667,0.441,0.6843,0,11,14,0,1,11.61,0.083,0.126,0.3
stress,lidar_dropout=0.2,lidar_dropout,2,0.2,ppo_s2,mcl,60,29,0.4833,0.3618,0.6069,0,11,18,0,2,11.69,0.087,0.129,0.3
stress,lidar_dropout=0.35,lidar_dropout,3,0.35,dwa,mcl,60,45,0.75,0.6277,0.8422,0,1,10,4,0,15.36,0.091,0.139,16.85
stress,lidar_dropout=0.35,lidar_dropout,3,0.35,mppi,mcl,60,38,0.6333,0.5068,0.7438,0,0,11,10,1,18.23,0.1,0.123,26.8
stress,lidar_dropout=0.35,lidar_dropout,3,0.35,pp,mcl,60,33,0.55,0.4249,0.6691,0,7,20,0,0,11.73,0.085,0.133,0.32
stress,lidar_dropout=0.35,lidar_dropout,3,0.35,pp_stop,mcl,60,42,0.7,0.5749,0.801,0,2,12,2,2,13.29,0.091,0.139,0.47
stress,lidar_dropout=0.35,lidar_dropout,3,0.35,ppo,mcl,60,30,0.5,0.3774,0.6226,0,13,15,0,2,10.52,0.094,0.153,0.29
stress,lidar_dropout=0.35,lidar_dropout,3,0.35,ppo_s0,mcl,60,30,0.5,0.3774,0.6226,0,14,16,0,0,9.47,0.095,0.152,0.3
stress,lidar_dropout=0.35,lidar_dropout,3,0.35,ppo_s1,mcl,60,30,0.5,0.3774,0.6226,0,13,15,0,2,10.52,0.094,0.153,0.29
stress,lidar_dropout=0.35,lidar_dropout,3,0.35,ppo_s2,mcl,60,33,0.55,0.4249,0.6691,0,12,14,0,1,13.09,0.093,0.132,0.3
stress,lidar_dropout=0.5,lidar_dropout,4,0.5,dwa,mcl,60,40,0.6667,0.5406,0.7727,0,4,12,4,0,14.3,0.1,0.161,16.87
stress,lidar_dropout=0.5,lidar_dropout,4,0.5,mppi,mcl,60,33,0.55,0.4249,0.6691,0,1,14,12,0,17.99,0.117,0.13,27.33
stress,lidar_dropout=0.5,lidar_dropout,4,0.5,pp,mcl,60,33,0.55,0.4249,0.6691,0,7,20,0,0,11.73,0.09,0.145,0.33
stress,lidar_dropout=0.5,lidar_dropout,4,0.5,pp_stop,mcl,60,43,0.7167,0.5923,0.8149,0,2,14,1,0,13.43,0.099,0.157,0.47
stress,lidar_dropout=0.5,lidar_dropout,4,0.5,ppo,mcl,60,33,0.55,0.4249,0.6691,0,12,15,0,0,10.13,0.103,0.171,0.31
stress,lidar_dropout=0.5,lidar_dropout,4,0.5,ppo_s0,mcl,60,33,0.55,0.4249,0.6691,0,10,17,0,0,9.46,0.102,0.163,0.29
stress,lidar_dropout=0.5,lidar_dropout,4,0.5,ppo_s1,mcl,60,33,0.55,0.4249,0.6691,0,12,15,0,0,10.13,0.103,0.171,0.31
stress,lidar_dropout=0.5,lidar_dropout,4,0.5,ppo_s2,mcl,60,35,0.5833,0.4573,0.6994,0,9,15,0,1,11.84,0.102,0.169,0.3
stress,lidar_short=0.1,lidar_short,1,0.1,dwa,gt,60,43,0.7167,0.5923,0.8149,0,2,4,11,0,14.39,0.0,0.0,17.44
stress,lidar_short=0.1,lidar_short,1,0.1,dwa,mcl,60,44,0.7333,0.6099,0.8287,0,2,3,10,1,14.34,0.118,0.19,17.13
stress,lidar_short=0.1,lidar_short,1,0.1,mppi,gt,60,32,0.5333,0.4089,0.6537,0,0,15,12,1,22.52,0.0,0.0,25.77
stress,lidar_short=0.1,lidar_short,1,0.1,mppi,mcl,60,25,0.4167,0.3006,0.5427,1,0,12,21,1,22.35,0.138,0.144,24.66
stress,lidar_short=0.1,lidar_short,1,0.1,pp,gt,60,33,0.55,0.4249,0.6691,0,7,20,0,0,11.69,0.0,0.0,0.33
stress,lidar_short=0.1,lidar_short,1,0.1,pp,mcl,60,33,0.55,0.4249,0.6691,1,6,20,0,0,11.73,0.104,0.162,0.39
stress,lidar_short=0.1,lidar_short,1,0.1,pp_stop,gt,60,47,0.7833,0.6638,0.8688,0,0,4,3,6,14.84,0.0,0.0,0.49
stress,lidar_short=0.1,lidar_short,1,0.1,pp_stop,mcl,60,43,0.7167,0.5923,0.8149,0,1,8,1,7,13.67,0.115,0.201,0.53
stress,lidar_short=0.1,lidar_short,1,0.1,ppo,gt,60,35,0.5833,0.4573,0.6994,0,9,14,2,0,11.54,0.0,0.0,0.29
stress,lidar_short=0.1,lidar_short,1,0.1,ppo,mcl,60,34,0.5667,0.441,0.6843,0,10,14,1,1,11.26,0.106,0.18,0.32
stress,lidar_short=0.1,lidar_short,1,0.1,ppo_s0,gt,60,27,0.45,0.3309,0.5751,0,11,19,0,3,11.86,0.0,0.0,0.32
stress,lidar_short=0.1,lidar_short,1,0.1,ppo_s0,mcl,60,32,0.5333,0.4089,0.6537,1,7,19,1,0,11.75,0.112,0.174,0.28
stress,lidar_short=0.1,lidar_short,1,0.1,ppo_s1,gt,60,35,0.5833,0.4573,0.6994,0,9,14,2,0,11.54,0.0,0.0,0.29
stress,lidar_short=0.1,lidar_short,1,0.1,ppo_s1,mcl,60,34,0.5667,0.441,0.6843,0,10,14,1,1,11.26,0.106,0.18,0.32
stress,lidar_short=0.1,lidar_short,1,0.1,ppo_s2,gt,60,29,0.4833,0.3618,0.6069,0,10,16,2,3,13.12,0.0,0.0,0.3
stress,lidar_short=0.1,lidar_short,1,0.1,ppo_s2,mcl,60,35,0.5833,0.4573,0.6994,0,7,16,0,2,12.55,0.11,0.172,0.32
stress,lidar_short=0.2,lidar_short,2,0.2,dwa,gt,60,39,0.65,0.5236,0.7583,0,8,9,4,0,13.47,0.0,0.0,17.65
stress,lidar_short=0.2,lidar_short,2,0.2,dwa,mcl,60,37,0.6167,0.4902,0.7291,1,13,7,1,1,14.18,0.212,0.365,17.72
stress,lidar_short=0.2,lidar_short,2,0.2,mppi,gt,60,1,0.0167,0.0029,0.0886,0,2,13,44,0,45.35,0.0,0.0,27.13
stress,lidar_short=0.2,lidar_short,2,0.2,mppi,mcl,60,3,0.05,0.0171,0.137,6,0,13,38,0,30.63,0.309,0.287,26.87
stress,lidar_short=0.2,lidar_short,2,0.2,pp,gt,60,33,0.55,0.4249,0.6691,0,7,20,0,0,11.69,0.0,0.0,0.38
stress,lidar_short=0.2,lidar_short,2,0.2,pp,mcl,60,33,0.55,0.4249,0.6691,1,6,20,0,0,11.75,0.181,0.289,0.35
stress,lidar_short=0.2,lidar_short,2,0.2,pp_stop,gt,60,40,0.6667,0.5406,0.7727,0,1,12,0,7,14.97,0.0,0.0,0.53
stress,lidar_short=0.2,lidar_short,2,0.2,pp_stop,mcl,60,40,0.6667,0.5406,0.7727,1,2,9,1,7,15.41,0.215,0.312,0.57
stress,lidar_short=0.2,lidar_short,2,0.2,ppo,gt,60,33,0.55,0.4249,0.6691,0,6,19,1,1,13.6,0.0,0.0,0.3
stress,lidar_short=0.2,lidar_short,2,0.2,ppo,mcl,60,32,0.5333,0.4089,0.6537,0,8,15,2,3,14.44,0.186,0.282,0.31
stress,lidar_short=0.2,lidar_short,2,0.2,ppo_s0,gt,60,30,0.5,0.3774,0.6226,0,8,19,1,2,14.85,0.0,0.0,0.32
stress,lidar_short=0.2,lidar_short,2,0.2,ppo_s0,mcl,60,27,0.45,0.3309,0.5751,1,10,20,1,1,13.75,0.187,0.239,0.29
stress,lidar_short=0.2,lidar_short,2,0.2,ppo_s1,gt,60,33,0.55,0.4249,0.6691,0,6,19,1,1,13.6,0.0,0.0,0.3
stress,lidar_short=0.2,lidar_short,2,0.2,ppo_s1,mcl,60,32,0.5333,0.4089,0.6537,0,8,15,2,3,14.44,0.186,0.282,0.31
stress,lidar_short=0.2,lidar_short,2,0.2,ppo_s2,gt,60,32,0.5333,0.4089,0.6537,0,7,21,0,0,13.95,0.0,0.0,0.3
stress,lidar_short=0.2,lidar_short,2,0.2,ppo_s2,mcl,60,35,0.5833,0.4573,0.6994,1,5,19,0,0,14.8,0.184,0.255,0.32
stress,lidar_short=0.3,lidar_short,3,0.3,dwa,gt,60,21,0.35,0.2417,0.4764,0,21,16,2,0,12.83,0.0,0.0,18.76
stress,lidar_short=0.3,lidar_short,3,0.3,dwa,mcl,60,25,0.4167,0.3006,0.5427,2,17,12,4,0,12.97,0.325,0.546,17.18
stress,lidar_short=0.3,lidar_short,3,0.3,mppi,gt,60,1,0.0167,0.0029,0.0886,0,3,10,46,0,45.15,0.0,0.0,28.9
stress,lidar_short=0.3,lidar_short,3,0.3,mppi,mcl,60,0,0.0,0.0,0.0602,17,1,10,32,0,,0.493,0.51,27.64
stress,lidar_short=0.3,lidar_short,3,0.3,pp,gt,60,33,0.55,0.4249,0.6691,0,7,20,0,0,11.69,0.0,0.0,0.41
stress,lidar_short=0.3,lidar_short,3,0.3,pp,mcl,60,29,0.4833,0.3618,0.6069,3,8,20,0,0,11.81,0.293,0.513,0.39
stress,lidar_short=0.3,lidar_short,3,0.3,pp_stop,gt,60,39,0.65,0.5236,0.7583,0,0,12,0,9,16.96,0.0,0.0,0.47
stress,lidar_short=0.3,lidar_short,3,0.3,pp_stop,mcl,60,33,0.55,0.4249,0.6691,6,2,12,1,6,16.89,0.4,0.532,0.52
stress,lidar_short=0.3,lidar_short,3,0.3,ppo,gt,60,28,0.4667,0.3463,0.5911,0,9,17,4,2,16.78,0.0,0.0,0.32
stress,lidar_short=0.3,lidar_short,3,0.3,ppo,mcl,60,21,0.35,0.2417,0.4764,3,12,17,4,3,15.2,0.311,0.46,0.33
stress,lidar_short=0.3,lidar_short,3,0.3,ppo_s0,gt,60,24,0.4,0.2857,0.5263,0,10,22,3,1,16.86,0.0,0.0,0.36
stress,lidar_short=0.3,lidar_short,3,0.3,ppo_s0,mcl,60,22,0.3667,0.2562,0.4932,2,9,20,3,4,18.0,0.292,0.42,0.32
stress,lidar_short=0.3,lidar_short,3,0.3,ppo_s1,gt,60,28,0.4667,0.3463,0.5911,0,9,17,4,2,16.78,0.0,0.0,0.32
stress,lidar_short=0.3,lidar_short,3,0.3,ppo_s1,mcl,60,21,0.35,0.2417,0.4764,3,12,17,4,3,15.2,0.311,0.46,0.33
stress,lidar_short=0.3,lidar_short,3,0.3,ppo_s2,gt,60,33,0.55,0.4249,0.6691,0,5,21,0,1,14.01,0.0,0.0,0.35
stress,lidar_short=0.3,lidar_short,3,0.3,ppo_s2,mcl,60,31,0.5167,0.3931,0.6382,1,6,22,0,0,14.32,0.299,0.54,0.32
stress,lidar_short=0.4,lidar_short,4,0.4,dwa,gt,60,19,0.3167,0.2131,0.4423,0,24,16,1,0,12.48,0.0,0.0,18.51
stress,lidar_short=0.4,lidar_short,4,0.4,dwa,mcl,60,19,0.3167,0.2131,0.4423,13,14,12,2,0,12.61,0.564,0.855,18.81
stress,lidar_short=0.4,lidar_short,4,0.4,mppi,gt,60,0,0.0,0.0,0.0602,0,2,9,49,0,,0.0,0.0,29.82
stress,lidar_short=0.4,lidar_short,4,0.4,mppi,mcl,60,0,0.0,0.0,0.0602,28,2,4,26,0,,0.817,0.863,29.58
stress,lidar_short=0.4,lidar_short,4,0.4,pp,gt,60,33,0.55,0.4249,0.6691,0,7,20,0,0,11.69,0.0,0.0,0.33
stress,lidar_short=0.4,lidar_short,4,0.4,pp,mcl,60,28,0.4667,0.3463,0.5911,10,7,15,0,0,11.78,0.446,0.835,0.44
stress,lidar_short=0.4,lidar_short,4,0.4,pp_stop,gt,60,32,0.5333,0.4089,0.6537,0,1,20,3,4,21.26,0.0,0.0,0.49
stress,lidar_short=0.4,lidar_short,4,0.4,pp_stop,mcl,60,25,0.4167,0.3006,0.5427,22,0,10,0,3,20.82,0.826,0.917,0.48
stress,lidar_short=0.4,lidar_short,4,0.4,ppo,gt,60,10,0.1667,0.0931,0.2803,0,22,17,8,3,23.35,0.0,0.0,0.31
stress,lidar_short=0.4,lidar_short,4,0.4,ppo,mcl,60,10,0.1667,0.0931,0.2803,13,16,13,5,3,22.37,0.532,0.761,0.31
stress,lidar_short=0.4,lidar_short,4,0.4,ppo_s0,gt,60,17,0.2833,0.1851,0.4077,0,11,21,6,5,21.73,0.0,0.0,0.31
stress,lidar_short=0.4,lidar_short,4,0.4,ppo_s0,mcl,60,16,0.2667,0.1713,0.3901,13,10,15,0,6,24.46,0.581,0.831,0.34
stress,lidar_short=0.4,lidar_short,4,0.4,ppo_s1,gt,60,10,0.1667,0.0931,0.2803,0,22,17,8,3,23.35,0.0,0.0,0.31
stress,lidar_short=0.4,lidar_short,4,0.4,ppo_s1,mcl,60,10,0.1667,0.0931,0.2803,13,16,13,5,3,22.37,0.532,0.761,0.31
stress,lidar_short=0.4,lidar_short,4,0.4,ppo_s2,gt,60,28,0.4667,0.3463,0.5911,0,10,22,0,0,13.39,0.0,0.0,0.3
stress,lidar_short=0.4,lidar_short,4,0.4,ppo_s2,mcl,60,29,0.4833,0.3618,0.6069,11,5,15,0,0,13.62,0.454,0.768,0.34
stress,lidar_sigma=0.1,lidar_sigma,1,0.1,dwa,mcl,60,44,0.7333,0.6099,0.8287,0,1,4,10,1,15.75,0.08,0.11,16.47
stress,lidar_sigma=0.1,lidar_sigma,1,0.1,mppi,mcl,60,37,0.6167,0.4902,0.7291,0,0,13,9,1,16.95,0.089,0.093,24.95
stress,lidar_sigma=0.1,lidar_sigma,1,0.1,pp,mcl,60,33,0.55,0.4249,0.6691,1,6,20,0,0,11.72,0.078,0.119,0.36
stress,lidar_sigma=0.1,lidar_sigma,1,0.1,pp_stop,mcl,60,49,0.8167,0.7008,0.8944,0,1,4,2,4,14.04,0.082,0.115,0.53
stress,lidar_sigma=0.1,lidar_sigma,1,0.1,ppo,mcl,60,29,0.4833,0.3618,0.6069,0,12,16,2,1,10.94,0.081,0.128,0.3
stress,lidar_sigma=0.1,lidar_sigma,1,0.1,ppo_s0,mcl,60,34,0.5667,0.441,0.6843,0,9,16,0,1,10.63,0.084,0.135,0.28
stress,lidar_sigma=0.1,lidar_sigma,1,0.1,ppo_s1,mcl,60,29,0.4833,0.3618,0.6069,0,12,16,2,1,10.94,0.081,0.128,0.3
stress,lidar_sigma=0.1,lidar_sigma,1,0.1,ppo_s2,mcl,60,37,0.6167,0.4902,0.7291,0,6,16,0,1,12.28,0.083,0.132,0.28
stress,lidar_sigma=0.2,lidar_sigma,2,0.2,dwa,mcl,60,45,0.75,0.6277,0.8422,0,0,3,12,0,14.98,0.088,0.116,18.43
stress,lidar_sigma=0.2,lidar_sigma,2,0.2,mppi,mcl,60,40,0.6667,0.5406,0.7727,0,0,12,8,0,17.9,0.093,0.112,28.44
stress,lidar_sigma=0.2,lidar_sigma,2,0.2,pp,mcl,60,33,0.55,0.4249,0.6691,1,6,20,0,0,11.73,0.083,0.118,0.41
stress,lidar_sigma=0.2,lidar_sigma,2,0.2,pp_stop,mcl,60,47,0.7833,0.6638,0.8688,0,3,6,2,2,13.32,0.088,0.124,0.48
stress,lidar_sigma=0.2,lidar_sigma,2,0.2,ppo,mcl,60,29,0.4833,0.3618,0.6069,1,10,16,0,4,10.84,0.085,0.129,0.3
stress,lidar_sigma=0.2,lidar_sigma,2,0.2,ppo_s0,mcl,60,33,0.55,0.4249,0.6691,0,10,14,0,3,10.69,0.095,0.144,0.29
stress,lidar_sigma=0.2,lidar_sigma,2,0.2,ppo_s1,mcl,60,29,0.4833,0.3618,0.6069,1,10,16,0,4,10.84,0.085,0.129,0.3
stress,lidar_sigma=0.2,lidar_sigma,2,0.2,ppo_s2,mcl,60,30,0.5,0.3774,0.6226,0,10,18,0,2,13.11,0.087,0.127,0.3
stress,lidar_sigma=0.4,lidar_sigma,3,0.4,dwa,mcl,60,44,0.7333,0.6099,0.8287,0,1,6,9,0,16.61,0.102,0.157,18.92
stress,lidar_sigma=0.4,lidar_sigma,3,0.4,mppi,mcl,60,25,0.4167,0.3006,0.5427,0,1,15,18,1,19.05,0.123,0.132,29.32
stress,lidar_sigma=0.4,lidar_sigma,3,0.4,pp,mcl,60,33,0.55,0.4249,0.6691,1,6,20,0,0,11.73,0.101,0.152,0.38
stress,lidar_sigma=0.4,lidar_sigma,3,0.4,pp_stop,mcl,60,45,0.75,0.6277,0.8422,0,0,10,2,3,13.78,0.11,0.165,0.54
stress,lidar_sigma=0.4,lidar_sigma,3,0.4,ppo,mcl,60,33,0.55,0.4249,0.6691,0,10,15,1,1,10.77,0.106,0.159,0.31
stress,lidar_sigma=0.4,lidar_sigma,3,0.4,ppo_s0,mcl,60,34,0.5667,0.441,0.6843,0,8,16,0,2,10.56,0.113,0.172,0.33
stress,lidar_sigma=0.4,lidar_sigma,3,0.4,ppo_s1,mcl,60,33,0.55,0.4249,0.6691,0,10,15,1,1,10.77,0.106,0.159,0.31
stress,lidar_sigma=0.4,lidar_sigma,3,0.4,ppo_s2,mcl,60,31,0.5167,0.3931,0.6382,0,12,14,0,3,12.7,0.109,0.153,0.32
stress,lidar_sigma=0.8,lidar_sigma,4,0.8,dwa,mcl,60,37,0.6167,0.4902,0.7291,0,4,13,6,0,15.23,0.149,0.231,20.29
stress,lidar_sigma=0.8,lidar_sigma,4,0.8,mppi,mcl,60,7,0.1167,0.0577,0.2218,0,0,9,27,17,20.24,0.188,0.255,29.43
stress,lidar_sigma=0.8,lidar_sigma,4,0.8,pp,mcl,60,32,0.5333,0.4089,0.6537,1,7,20,0,0,11.77,0.149,0.246,0.38
stress,lidar_sigma=0.8,lidar_sigma,4,0.8,pp_stop,mcl,60,46,0.7667,0.6456,0.8556,0,2,11,1,0,13.71,0.151,0.245,0.57
stress,lidar_sigma=0.8,lidar_sigma,4,0.8,ppo,mcl,60,32,0.5333,0.4089,0.6537,0,8,16,1,3,11.6,0.152,0.237,0.3
stress,lidar_sigma=0.8,lidar_sigma,4,0.8,ppo_s0,mcl,60,28,0.4667,0.3463,0.5911,0,9,19,3,1,11.13,0.157,0.246,0.33
stress,lidar_sigma=0.8,lidar_sigma,4,0.8,ppo_s1,mcl,60,32,0.5333,0.4089,0.6537,0,8,16,1,3,11.6,0.152,0.237,0.3
stress,lidar_sigma=0.8,lidar_sigma,4,0.8,ppo_s2,mcl,60,28,0.4667,0.3463,0.5911,0,9,19,0,4,14.22,0.159,0.251,0.33
stress,speed_scale=1.05,speed_scale,1,1.05,dwa,mcl,60,42,0.7,0.5749,0.801,0,1,6,11,0,16.28,0.325,0.471,13.9
stress,speed_scale=1.05,speed_scale,1,1.05,mppi,mcl,60,42,0.7,0.5749,0.801,0,0,8,10,0,16.56,0.303,0.469,24.15
stress,speed_scale=1.05,speed_scale,1,1.05,pp,mcl,60,33,0.55,0.4249,0.6691,1,6,20,0,0,12.16,0.325,0.494,0.31
stress,speed_scale=1.05,speed_scale,1,1.05,pp_stop,mcl,60,50,0.8333,0.7197,0.9069,0,1,4,1,4,14.23,0.335,0.507,0.4
stress,speed_scale=1.05,speed_scale,1,1.05,ppo,mcl,60,38,0.6333,0.5068,0.7438,0,6,14,1,1,12.36,0.357,0.552,0.3
stress,speed_scale=1.05,speed_scale,1,1.05,ppo_s0,mcl,60,30,0.5,0.3774,0.6226,0,12,17,0,1,10.86,0.365,0.623,0.31
stress,speed_scale=1.05,speed_scale,1,1.05,ppo_s1,mcl,60,38,0.6333,0.5068,0.7438,0,6,14,1,1,12.36,0.357,0.552,0.3
stress,speed_scale=1.05,speed_scale,1,1.05,ppo_s2,mcl,60,36,0.6,0.4737,0.7143,0,7,15,0,2,13.11,0.347,0.541,0.29
stress,speed_scale=1.1,speed_scale,2,1.1,dwa,mcl,60,44,0.7333,0.6099,0.8287,3,0,2,11,0,17.03,0.687,0.988,13.5
stress,speed_scale=1.1,speed_scale,2,1.1,mppi,mcl,60,41,0.6833,0.5577,0.7869,0,0,10,9,0,18.95,0.566,0.915,23.39
stress,speed_scale=1.1,speed_scale,2,1.1,pp,mcl,60,30,0.5,0.3774,0.6226,10,5,15,0,0,12.87,0.653,0.986,0.31
stress,speed_scale=1.1,speed_scale,2,1.1,pp_stop,mcl,60,50,0.8333,0.7197,0.9069,1,1,6,0,2,15.98,0.674,1.04,0.43
stress,speed_scale=1.1,speed_scale,2,1.1,ppo,mcl,60,37,0.6167,0.4902,0.7291,7,5,9,1,1,13.27,0.725,1.131,0.3
stress,speed_scale=1.1,speed_scale,2,1.1,ppo_s0,mcl,60,28,0.4667,0.3463,0.5911,17,8,4,1,2,13.13,0.718,1.175,0.32
stress,speed_scale=1.1,speed_scale,2,1.1,ppo_s1,mcl,60,37,0.6167,0.4902,0.7291,7,5,9,1,1,13.27,0.725,1.131,0.3
stress,speed_scale=1.1,speed_scale,2,1.1,ppo_s2,mcl,60,38,0.6333,0.5068,0.7438,6,6,8,1,1,15.81,0.699,1.058,0.31
stress,speed_scale=1.2,speed_scale,3,1.2,dwa,mcl,60,38,0.6333,0.5068,0.7438,14,0,1,6,1,20.97,2.165,2.158,14.15
stress,speed_scale=1.2,speed_scale,3,1.2,mppi,mcl,60,34,0.5667,0.441,0.6843,6,0,6,14,0,23.2,1.201,1.547,23.34
stress,speed_scale=1.2,speed_scale,3,1.2,pp,mcl,60,23,0.3833,0.2709,0.5098,30,3,4,0,0,18.91,1.557,2.157,0.31
stress,speed_scale=1.2,speed_scale,3,1.2,pp_stop,mcl,60,43,0.7167,0.5923,0.8149,10,0,2,1,4,19.48,1.659,2.26,0.43
stress,speed_scale=1.2,speed_scale,3,1.2,ppo,mcl,60,26,0.4333,0.3157,0.559,26,0,3,3,2,23.53,1.972,2.168,0.31
stress,speed_scale=1.2,speed_scale,3,1.2,ppo_s0,mcl,60,20,0.3333,0.2273,0.4594,32,3,3,1,1,22.38,2.033,2.632,0.29
stress,speed_scale=1.2,speed_scale,3,1.2,ppo_s1,mcl,60,26,0.4333,0.3157,0.559,26,0,3,3,2,23.53,1.972,2.168,0.31
stress,speed_scale=1.2,speed_scale,3,1.2,ppo_s2,mcl,60,24,0.4,0.2857,0.5263,27,1,4,3,1,18.45,1.882,2.393,0.3
stress,speed_scale=1.3,speed_scale,4,1.3,dwa,mcl,60,17,0.2833,0.1851,0.4077,39,0,0,3,1,26.89,6.327,5.48,14.93
stress,speed_scale=1.3,speed_scale,4,1.3,mppi,mcl,60,15,0.25,0.1578,0.3723,30,0,5,10,0,32.37,2.927,2.785,21.78
stress,speed_scale=1.3,speed_scale,4,1.3,pp,mcl,60,6,0.1,0.0466,0.2015,50,3,1,0,0,29.92,3.1,3.557,0.29
stress,speed_scale=1.3,speed_scale,4,1.3,pp_stop,mcl,60,19,0.3167,0.2131,0.4423,34,0,2,0,5,28.23,3.765,3.488,0.45
stress,speed_scale=1.3,speed_scale,4,1.3,ppo,mcl,60,4,0.0667,0.0262,0.1593,52,0,1,3,0,30.91,4.41,5.475,0.33
stress,speed_scale=1.3,speed_scale,4,1.3,ppo_s0,mcl,60,5,0.0833,0.0361,0.1807,53,2,0,0,0,25.48,4.395,5.742,0.3
stress,speed_scale=1.3,speed_scale,4,1.3,ppo_s1,mcl,60,4,0.0667,0.0262,0.1593,52,0,1,3,0,30.91,4.41,5.475,0.33
stress,speed_scale=1.3,speed_scale,4,1.3,ppo_s2,mcl,60,3,0.05,0.0171,0.137,55,1,0,0,1,29.27,4.576,6.087,0.3
