a_lat_kinematic_mps2,collision,cte,delta,dt,heading_error,previous_delta,s,step,success,termination_reason,v,v_ref,x,y,yaw
0.00016008538798205834,False,0.0,0.04000000000000001,0.05,8.004269399108921e-05,0.0,0.004999999999999893,0,False,,0.1,0.023971119601591886,4.255,13.25,8.004269399108921e-05
0.0012827376753291612,False,8.004269389516594e-07,0.08000000000000002,0.05,0.00040072711282324036,0.04000000000000001,0.01499999996796575,1,False,,0.2,0.07191335865119783,4.264999999967966,13.250000800426939,0.00040072711282324036
0.004340856139606993,False,6.811333470579939e-06,0.12000000000000002,0.05,0.0011242031360909621,0.08000000000000002,0.029999998763599045,2,False,,0.30000000000000004,0.14382671168197136,4.279999998763599,13.25000681133347,0.0011242031360909621
0.008704865021852186,False,2.9295391456685138e-05,0.1351839691400528,0.05,0.002212311263822375,0.12000000000000002,0.04999998612527356,3,False,,0.4,0.2397111294973786,4.299999986125274,13.250029295391457,0.002212311263822375
0.013092321325988296,False,8.460312793623359e-05,0.13018276691436767,0.05,0.0035215433964213005,0.1351839691400528,0.07499992494628405,4,False,,0.5,0.35956643419956563,4.324999924946284,13.250084603127936,0.0035215433964213005
0.01912726222112679,False,0.00019024921147092755,0.13205519914627076,0.05,0.005115481914848452,0.13018276691436767,0.10499973892745817,5,False,,0.6,0.5033922599932155,4.354999738927458,13.250190249211471,0.005115481914848452
0.025910231006723804,False,0.00036929029762511334,0.13143297135829926,0.05,0.0069662127010428065,0.13205519914627076,0.13999928098574,6,False,,0.7,0.6711879017292228,4.38999928098574,13.250369290297625,0.0069662127010428065
0.03386616135400152,False,0.0006479365519584945,0.131525981426239,0.05,0.009082847785667703,0.13143297135829926,0.1799983104272771,7,False,,0.7999999999999999,0.8461900013246887,4.429998310427277,13.250647936551958,0.009082847785667703
0.042747854157869095,False,0.0010566590824527822,0.13118014633655548,0.05,0.011457728572215942,0.131525981426239,0.2249964542322509,8,False,,0.8999999999999999,0.9355487808303755,4.474996454232251,13.251056659082453,0.011457728572215942
0.0524728979494154,False,0.0016290813721475672,0.1306409865617752,0.05,0.01408344335638434,0.13118014633655548,0.2749537591863147,9,False,,0.9992116863910396,1.0347556240600981,4.524953759186315,13.251629081372148,0.01408344335638434
0.06272417820259209,False,0.0024004479957948632,0.1299357086420059,0.05,0.01694635958246149,0.1306409865617752,0.3297213046627441,10,False,,1.0954595463057213,1.1435147995831334,4.579721304662744,13.252400447995795,0.01694635958246149
0.073463047941248,False,0.0034082357341986835,0.1290922522544861,0.05,0.02003448913961403,0.1299357086420059,0.38918488796468953,11,False,,1.1894424534601291,1.242597499474414,4.6391848879646895,13.253408235734199,0.02003448913961403
0.08461068649917608,False,0.004691900529676829,0.12809025943279265,0.05,0.02333562057424521,0.1290922522544861,0.45324906428698863,12,False,,1.281540710732481,1.340217397374326,4.703249064286989,13.254691900529677,0.02333562057424521
0.09605627337016612,False,0.006292264803690273,0.1269365072250366,0.05,0.026836900490412763,0.12809025943279265,0.5218169330931142,13,False,,1.3717308480053287,1.444699944974625,4.771816933093114,13.25629226480369,0.026836900490412763
0.1077463776393083,False,0.008251810945260729,0.1256144106388092,0.05,0.030525550212614494,0.1269365072250366,0.594816260471128,14,False,,1.4605124605731297,1.5385405889138482,4.844816260471128,13.25825181094526,0.030525550212614494
0.11961199478755088,False,0.01061419495577276,0.12413862347602844,0.05,0.03438886680584785,0.1256144106388092,0.6721826039029564,15,False,,1.5480480553554874,1.6379260457131526,4.922182603902956,13.260614194955773,0.03438886680584785
0.13313064989404905,False,0.013423986946026645,0.1239487588405609,0.05,0.03846150803253767,0.12413862347602844,0.7538568359805504,16,False,,1.6344509924122226,1.7340204407859139,5.00385683598055,13.263423986946027,0.03846150803253767
0.14638174852160143,False,0.016725225540133337,0.12349120080471038,0.05,0.04272405575397986,0.1239487588405609,0.8396467796211251,17,False,,1.7170687355034135,1.8311143028554202,5.089646779621125,13.266725225540133,0.04272405575397986
0.1677381674967997,False,0.020529800349342153,0.1313627243041992,0.05,0.04743172689318387,0.12349120080471038,0.9286425356006482,18,False,,1.7815408355517044,1.9254856252577035,5.178642535600648,13.270529800349342,0.04743172689318387
0.198044832924029,False,0.02488133773868384,0.14590595662593842,0.05,0.052826421769289755,0.1313627243041992,1.0203169035194115,19,False,,1.8355517547544868,2.0192860805703465,5.2703169035194115,13.274881337738684,0.052826421769289755
0.23465956926853307,False,0.029837982604451696,0.16492191553115845,0.05,0.0590758409682719,0.14590595662593842,1.1140585032699288,20,False,,1.8774510222225873,2.1094526681454675,5.364058503269929,13.279837982604452,0.0590758409682719
0.2577678397380405,False,0.03547119980288649,0.17516069412231444,0.05,0.06582997253148548,0.16492191553115845,1.2093032320150732,21,False,,1.90822341351749,2.199070519785556,5.459303232015073,13.285471199802886,0.06582997253148548
0.27240951168190913,False,0.0418680753840146,0.1781386613845825,0.05,0.07283329825474993,0.17516069412231444,1.3063355137575536,22,False,,1.9448582176963465,2.2846302884779055,5.556335513757554,13.291868075384015,0.07283329825474993
0.28071736849240103,False,0.04910372548426878,0.17562586069107056,0.05,0.0798912336513724,0.1781386613845825,1.4055051443306734,23,False,,1.9886649049432543,2.3707757032535195,5.655505144330673,13.299103725484269,0.0798912336513724
0.2901625866165502,False,0.057225389869170584,0.17335023880004882,0.05,0.08701932774916976,0.17562586069107056,1.5069477872963608,24,False,,2.035344810516876,2.4542182401570933,5.756947787296361,13.30722538986917,0.08701932774916976
0.29787745794422527,False,0.06628388964636045,0.16972339153289795,0.05,0.09416410756075422,0.17335023880004882,1.610782460686325,25,False,,2.0845810913671823,2.5376446168798648,5.860782460686325,13.31628388964636,0.09416410756075422
0.3064670494978151,False,0.0763274779340346,0.1663191497325897,0.05,0.10133673532775145,0.16972339153289795,1.717127499046474,26,False,,2.136365216859132,2.620380571802656,5.967127499046474,13.326327477934035,0.10133673532775145
0.3125355039716532,False,0.0872964131789189,0.16464473605155944,0.05,0.10854280150057471,0.1663191497325897,1.82499916398835,27,False,,2.168558381758603,2.5467121370635373,6.07499916398835,13.337296413178919,0.10854280150057471
0.31905109324010894,False,0.09916702625355889,0.16456755995750427,0.05,0.11582185668021738,0.16464473605155944,1.9339327664130916,28,False,,2.191569409532766,2.4248573693996134,6.183932766413092,13.349167026253559,0.11582185668021738
0.329189474047048,False,0.11193599223511619,0.166951847076416,0.05,0.12327002218134675,0.16456755995750427,2.043685950522561,29,False,,2.209869490662768,2.284050429462739,6.293685950522561,13.361935992235116,0.12327002218134675
0.34154481363543143,False,0.12566272781179677,0.1696341633796692,0.05,0.13091854321718355,0.166951847076416,2.1544763649520213,30,False,,2.232750698044343,2.132399961870712,6.404476364952021,13.375662727811797,0.13091854321718355
0.3047125066121637,False,0.13954927407745643,0.16674399375915527,0.05,0.13807990950063154,0.1696341633796692,2.259939794405538,31,False,,2.127474664411786,1.9819232867680256,6.509939794405538,13.389549274077456,0.13807990950063154
0.27141347871366217,False,0.15361671048840897,0.16099251508712767,0.05,0.14471896084673208,0.16674399375915527,2.361170444693892,32,False,,2.0440682302681816,1.8170445185779234,6.611170444693892,13.403616710488409,0.14471896084673208
0.24731056299441598,False,0.16788922426021458,0.1565206468105316,0.05,0.1509662359816284,0.16099251508712767,2.459103259606704,33,False,,1.9793474567254195,1.6494136277374372,6.709103259606704,13.417889224260215,0.1509662359816284
0.22402931651847696,False,0.1822770699116827,0.15180877447128296,0.05,0.1568205769216484,0.1565206468105316,2.553683187347631,34,False,,1.913360690927823,1.4630706329338394,6.803683187347631,13.432277069911683,0.1568205769216484
0.20004804340334376,False,0.19661909322097237,0.14719197750091553,0.05,0.1622666742689094,0.15180877447128296,2.6443872309020655,35,False,,1.8366183217782541,1.2601321755355388,6.8943872309020655,13.446619093220972,0.1622666742689094
0.18562586371396558,False,0.21114409390401434,0.1425522118806839,0.05,0.16742827171742247,0.14719197750091553,2.733113354261474,36,False,,1.798143555029049,1.0219788925287365,6.983113354261474,13.461144093904014,0.16742827171742247
0.17477278037137703,False,0.22592052745996768,0.13804493844509125,0.05,0.17067523096855775,0.1425522118806839,2.820544339712294,37,False,,1.7734181271767888,0.7951793325866058,7.070544339712294,13.475920846510611,0.1723558400582741
0.16881328489655104,False,0.24122042699297405,0.1317418187856674,0.05,0.17130878305868835,0.13804493844509125,2.9084541274098044,38,False,,1.7846379025837964,0.5784164123077684,7.158454127409804,13.491224451815421,0.17708546293169114
0.1506179432379393,False,0.2565681477114444,0.1157428354024887,0.05,0.16577254229489968,0.1317418187856674,3.0002710619232418,39,False,,1.7996522577583014,0.5133308582192972,7.247029529365881,13.507075912014905,0.18127010311950054
0.12123218684246677,False,0.27088288924674747,0.09124168753623962,0.05,0.14854836048579,0.1157428354024887,3.0968318832024107,40,False,,1.8200300529378075,0.7048229996767709,7.336540019101161,13.523481572969054,0.18460060270786682
0.10588856287641053,False,0.2833774050882265,0.07757437527179718,0.05,0.12575912706028314,0.09124168753623962,3.195278405056042,41,False,,1.84543687207174,0.9476329850541692,7.427244130861989,13.540418433117384,0.18746953213262518
0.08769188585376816,False,0.29386205543382704,0.06309068351984023,0.05,0.10208751872104438,0.07757437527179718,3.29513360065773,42,False,,1.8628535409943778,1.1403345386570747,7.518754854317896,13.557777747060188,0.1898232299388134
0.0862620552494487,False,0.30215236800265866,0.0619134172797203,0.05,0.07822770969128046,0.06309068351984023,3.3955527886599,43,False,,1.865133005454874,1.305245656270516,7.610336391743578,13.575373906380937,0.19213572065655748
0.07888697340931747,False,0.30815479594443745,0.05804932862520218,0.05,0.05440504548757774,0.0619134172797203,3.4951720159012196,44,False,,1.8421710374007818,1.4502405119792894,7.700750021541676,13.592962563928577,0.1942768620546067
0.07533737139036309,False,0.31190382899189145,0.057728822529315944,0.05,0.03094636586896149,0.05804932862520218,3.593185491574113,45,False,,1.8052505065700561,1.5798634159366747,7.789314486087712,13.610388380935321,0.1963634802584564
0.06965636185769014,False,0.3135169864354998,0.056147874891757966,0.05,0.007932451101571036,0.057728822529315944,3.6890783259339828,46,False,,1.76017308844338,1.6970665611093112,7.875631839550094,13.627559220881318,0.19834215958025236
0.06752452519027387,False,0.3131371408726471,0.05683685839176178,0.05,-0.014617016711157671,0.056147874891757966,3.7831178882183956,47,False,,1.7224702867787842,1.8045946675064009,7.960066867330643,13.644529365423642,0.20030226669236262
0.06988822004875803,False,0.31079811500227233,0.05794185698032379,0.05,-0.03726639183345348,0.05683685839176178,3.877745458172736,48,False,,1.7355318665707564,1.9066667764434324,8.045108491274036,13.661794919187624,0.20231571920783997
0.07900434960771632,False,0.3064508531753479,0.06424881219863891,0.05,-0.059848380894506725,0.05794185698032379,3.973039478174936,49,False,,1.7521201237757218,2.004197470919095,8.130927675552016,13.679398325966194,0.20457025497098913
0.08523299740207163,False,0.3000417999427686,0.06759514063596725,0.05,-0.0825011518262384,0.06424881219863891,4.069171293632388,50,False,,1.7741284953378826,2.09798533828892,8.217784427310825,13.697418716329151,0.20697236388322526
0.10432256838325349,False,0.2914914590645825,0.08024219870567321,0.05,-0.10491321417850985,0.06759514063596725,4.166276035525768,51,False,,1.8009056950602726,2.1256527844105824,8.305907927046945,13.7159228266971,0.20986875564514262
0.10799659953875931,False,0.2807864057618925,0.08093909919261932,0.05,-0.1274465716191564,0.08024219870567321,4.2640893719514095,52,False,,1.824403716491036,2.0327891591015805,8.3951265837718,13.734926868216691,0.2128285336417166
0.10591744252383088,False,0.2679749521732491,0.07856022119522095,0.05,-0.15003053224293073,0.08093909919261932,4.3618198123705145,53,False,,1.8340240688946956,1.8828174030263714,8.484758766640939,13.754296496693408,0.21571610323036605
0.10105585314969989,False,0.25315523273299884,0.07526893615722656,0.05,-0.17252246384465986,0.07856022119522095,4.458709884585822,54,False,,1.8303419464517114,1.7211875101530605,8.57415480559701,13.773885455862187,0.2184766762846415
0.0947355856480723,False,0.23665841888966732,0.07331820577383041,0.05,-0.19449727175392262,0.07526893615722656,4.553145006847068,55,False,,1.7956888148424972,1.5473086988417848,8.661804958066178,13.793345583598352,0.2211145382812476
0.08637865417069998,False,0.21878581401112732,0.07071748226881026,0.05,-0.21578643809291842,0.07331820577383041,4.644319166656059,56,False,,1.7460127916423547,1.3581570886379362,8.746980142926809,13.812492112145428,0.22358813568512037
0.08141144014136024,False,0.19937196519191813,0.06823800802230835,0.05,-0.23669710175969216,0.07071748226881026,4.733600653500252,57,False,,1.725687457850047,1.1422842077828013,8.831116736539908,13.83162393434397,0.22594694752474487
0.07921182101819028,False,0.17813654943874146,0.06577696949243546,0.05,-0.2575282827539054,0.06823800802230835,4.822291130630637,58,False,,1.7338622285897738,0.8731560827217322,8.915606317142888,13.851045734952004,0.22823120689991505
0.07722781100859814,False,0.15501799441287317,0.06321408748626708,0.05,-0.2770482676450996,0.06577696949243546,4.910506556723632,59,False,,1.7464671397642078,0.569937455915682,9.000665215032301,13.870803077018408,0.23044217924661003
0.07547433898807267,False,0.129999057818532,0.060527090728282926,0.05,-0.2895418447801079,0.06321408748626708,4.996764568800408,60,False,,1.7645312799991668,0.4692712704972072,9.086559553299107,13.890954733251734,0.23258083045227496
0.0747307969019874,False,0.1038116517183976,0.058449205756187436,0.05,-0.2913681085552642,0.060527090728282926,5.082180865356166,61,False,,1.7868291381279784,0.6836692546447387,9.17349547197347,13.911547012542831,0.23467198722007554
0.07505097329648844,False,0.07741523750205948,0.05700191259384155,0.05,-0.2932766236849673,0.058449205756187436,5.168917632761081,62,False,,1.8132934386237443,0.9013816682349,9.26167508549267,13.932628722530264,0.23674145296946492
0.07520895904669733,False,0.050763437388318663,0.055279907584190366,0.05,-0.2913220870857791,0.05700191259384155,5.257145837543696,63,False,,1.8433159884893875,1.0671317047668252,9.351270139460622,13.954244940701612,0.23878149817919425
0.07502994154289577,False,0.023808681490565482,0.05319365411996841,0.05,-0.2893233661449983,0.055279907584190366,5.347039019128206,64,False,,1.8769489029691908,1.2347843600131467,9.442454841172143,13.976441632677536,0.2407802191199777
0.07496292944798452,False,-0.003488888490807349,0.05113460272550583,0.05,-0.28736465634916186,0.05319365411996841,5.438741291640982,65,False,,1.9135792756920675,1.3696027723832551,9.535373679171773,13.99925727765404,0.24273892891580973
0.07454632504635342,False,-0.031169293797628526,0.04880850166082382,0.05,-0.28545641462506666,0.05113460272550583,5.532400138936151,66,False,,1.953272588719743,1.505358139379458,9.630174131496702,14.022731918303018,0.2446471706399005
0.07399970433228054,False,-0.059266211940301704,0.046422837674617766,0.05,-0.2836022986210791,0.04880850166082382,5.62814006977261,67,False,,1.9955521707724038,1.6242881352592986,9.726980646778031,14.046899453650498,0.2465012866438845
0.0731485369783447,False,-0.08781346167069594,0.04389577209949493,0.05,-0.2818098211728759,0.046422837674617766,5.726086243187124,68,False,,2.040431165583946,1.7430697283962642,9.825918306092046,14.071793989661026,0.24829376409208637
0.07635882468660192,False,-0.11684087836072705,0.043775372207164764,0.05,-0.27998094918294747,0.04389577209949493,5.826348526131267,69,False,,2.0875934758346153,1.8533175992325979,9.927096983109278,14.097445336953335,0.2501226360820237
0.08126983882935405,False,-0.1463669393298005,0.0444622278213501,0.05,-0.2780794179325423,0.043775372207164764,5.929035831975123,70,False,,2.1369577494952434,1.961634304874338,10.03061998590403,14.123892623206881,0.25202416733243194
0.10043942107094413,False,-0.17640355388684442,0.05238404721021652,0.05,-0.27578458868679334,0.0444622278213501,6.034251703219569,71,False,,2.1883855031302293,2.0665446894052493,10.136582667872675,14.151177927049575,0.2543189965781769
0.12163363910507477,False,-0.20692412444286074,0.06043947637081146,0.05,-0.27307157596492493,0.05238404721021652,6.142099823330556,72,False,,2.2416710051690014,2.1678520885021326,10.245061034067685,14.17937662039164,0.25703200930003955
0.13958130624069862,False,-0.23789584038647282,0.06605044305324555,0.05,-0.27003301748990616,0.06043947637081146,6.25268631552301,73,False,,2.2968342947564486,2.268726867861757,10.3561300530012,14.20857066905005,0.26007056777505344
0.1364865141560409,False,-0.26928860425598977,0.06151971369981765,0.05,-0.26713349681385257,0.06605044305324555,6.366102068249315,74,False,,2.353604774794736,2.365871245414075,10.469852921152476,14.238831995017183,0.26297008845111813
0.13182158049283002,False,-0.3011231407486276,0.05658575892448425,0.05,-0.2644008798018378,0.06151971369981765,6.482424689696222,75,False,,2.4120024854035202,2.4622747936176417,10.586307074227022,14.27018195842501,0.2657027054631351
0.12585209437845668,False,-0.3334229566359188,0.0514444962143898,0.05,-0.2618552727580181,0.05658575892448425,6.601726919687336,76,False,,2.4719466165113917,2.5581842127405823,10.705567154407118,14.30263705760283,0.268248312506949
0.11574577222762823,False,-0.366212458129936,0.04506040066480636,0.05,-0.2595707413629724,0.0514444962143898,6.724071655886096,77,False,,2.533249761375298,2.6514698387559927,10.827699767282677,14.336208038463672,0.2705328439020054
0.10071552056873352,False,-0.399526838422939,0.03734621778130531,0.05,-0.25763087192404033,0.04506040066480636,6.849520272638806,78,False,,2.595935544613984,2.7444196936810727,10.952775658336774,14.370895570178966,0.27247271334093837
0.07250767204344365,False,-0.4334100701567529,0.025619177520275115,0.05,-0.2562677895961283,0.03734621778130531,6.978116049221827,79,False,,2.6596952568079995,2.8369895563181227,11.080854400534939,14.406683598130414,0.2738357956688451
0.047095215465480414,False,-0.4678283633225921,0.01596251204609871,0.05,-0.25540071301332334,0.025619177520275115,7.109468962331835,80,False,,2.7157471669457776,2.9281333202247075,11.21158241444319,14.44340407016631,0.2747028722516487
0.04069052733831515,False,-0.5026840531919865,0.013359210267663001,0.05,-0.2546634032744617,0.01596251204609871,7.242963108799484,81,False,,2.7593916907461464,3.01767199952778,11.344378945202445,14.480829832358994,0.27544018199050857
0.03582001969843891,False,-0.5378267541049873,0.011503781005740165,0.05,-0.2540214657071167,0.013359210267663001,7.377963611226786,82,False,,2.7899924790640687,3.1058989681678315,11.4786202109483,14.518769622211282,0.276082119557854
0.025100962803678538,False,-0.5731944730257656,0.007920026779174805,0.05,-0.25357559077577996,0.011503781005740165,7.514187150297903,83,False,,2.8147986172171855,3.1926645259692576,11.614030431522451,14.5571336718252,0.2765279944891925
0.013267063706364638,False,-0.6089836312555346,0.004074139147996902,0.05,-0.253343099565857,0.007920026779174805,7.6522870427026835,84,False,,2.8532398517480164,3.2781103490626635,11.751272574040836,14.596082849556836,0.27676048569911016
0.0013905125117870164,False,-0.6452576220562519,-0.00041492634918540713,0.05,-0.25336711956404656,0.004074139147996902,7.792391885795941,85,False,,2.8944892099847626,3.362289367522583,11.890489639548807,14.63562748431485,0.27673646570091837
0.027916591344452808,False,-0.6820179668522033,-0.008112619444727897,0.05,-0.25384302044700036,-0.00041492634918540713,7.934361170809231,86,False,,2.933025798502536,3.394393199318481,12.031561172712673,14.675695219058657,0.2762605648179681
0.09698143175420885,False,-0.7191647738830262,-0.027694708853960037,0.05,-0.2554820931765418,-0.008112619444727897,8.077542145475324,87,False,,2.9584236869601845,3.3462549460222495,12.173873500903039,14.716042189501989,0.274621492088432
0.17799675685302585,False,-0.756915259484851,-0.049812568724155425,0.05,-0.2584609883421516,-0.027694708853960037,8.222074978398917,88,False,,2.9876304293597884,3.214480639863564,12.317657384755504,14.756551863660045,0.27164259692282133
0.20465681465227176,False,-0.7953860196861027,-0.05640032887458801,0.05,-0.2618602480198837,-0.049812568724155425,8.36759124635147,89,False,,3.010314510432507,3.0758031126064242,12.462653918998207,14.7969373646091,0.26824333724508653
0.21336416540158343,False,-0.8344352325101317,-0.05854234546422958,0.05,-0.2653965070360873,-0.05640032887458801,8.513289423135053,90,False,,3.0168062410594962,2.929536366591709,12.60809987472411,14.836915780075673,0.2647070782288852
0.20992781069900718,False,-0.8723531101134133,-0.06269921958446502,0.05,-0.26902687684112925,-0.05854234546422958,8.652791698398845,91,False,,2.891273092996403,2.782478506923052,12.747628258509401,14.874737471787924,0.261076708423841
0.2058524204075093,False,-0.9091164941125589,-0.06714908927679061,0.05,-0.2727475778192239,-0.06269921958446502,8.78613210289182,92,False,,2.766312337637725,2.6349360291578834,12.881256721138081,14.910439626469572,0.2573560074457424
0.2051732041493175,False,-0.944700273729118,-0.07335711568593979,0.05,-0.27663061405033673,-0.06714908927679061,8.913344959389198,93,False,,2.6419172000668083,2.4874497814607985,13.009002178165886,14.944061262937467,0.2534729712146273
0.24811840916019218,False,-0.979148744318751,-0.09716801047325134,0.05,-0.28154847297511143,-0.07335711568593979,9.034680906235211,94,False,,2.522626339590208,2.3342452444409028,13.131103265740212,14.975690893604813,0.24855511228985883
0.3082383006308482,False,-1.0126838961778195,-0.13147823810577391,0.05,-0.2879329679690059,-0.09716801047325134,9.15062658248561,95,False,,2.4139599210735163,2.179632813636464,13.248092077329446,15.005383051059466,0.24217061729596967
0.32139843779318367,False,-1.0456544397865142,-0.14792287051677702,0.05,-0.2948533726692055,-0.13147823810577391,9.261952223702362,96,False,,2.322107244566785,2.0230715460945135,13.360809453223757,15.033226332289852,0.2352502125957736
0.31171728641964297,False,-1.0783020489405448,-0.15314891338348388,0.05,-0.30178993760053174,-0.14792287051677702,9.369449614639441,97,False,,2.246913922850934,1.8522918164005255,13.470060705201238,15.05941257644793,0.22831364766443585
0.29451379546982126,False,-1.1105215951131524,-0.15538750290870665,0.05,-0.3085822628229882,-0.15314891338348388,9.472950083438525,98,False,,2.1679895015608524,1.6785766891611935,13.575647155452463,15.083947199341722,0.22152132244197098
0.26879432309248036,False,-1.141957014788234,-0.15554362535476685,0.05,-0.315074543922536,-0.15538750290870665,9.571566366262045,99,False,,2.0701069390809206,1.4874566036914212,13.676623279130526,15.106688775694954,0.21502904134242984
0.2424308378183877,False,-1.1723237561902349,-0.15649958252906798,0.05,-0.32125945589882665,-0.15554362535476685,9.664735341040362,100,False,,1.9598568156497995,1.28251512735037,13.772359364182496,15.127598076581032,0.20884412936614316
0.22787566190166456,False,-1.2022460231823615,-0.1572917103767395,0.05,-0.3272712360433676,-0.15649958252906798,9.754649306649268,101,False,,1.8952428101399226,1.0460251684848991,13.865062438417933,15.14724504328754,0.2028323492216022
0.22148221735236495,False,-1.2322173467643318,-0.15790066123008728,0.05,-0.33158276162357314,-0.1572917103767395,9.84294040124297,102,False,,1.8647997622211958,0.819125398471953,13.956391001786773,15.166027718707575,0.19689385057313213
0.22108188986569974,False,-1.262618834765065,-0.15839894413948058,0.05,-0.3334486851970979,-0.15790066123008728,9.930831371198073,103,False,,1.860131505609932,0.6012910174802966,14.04760059196291,15.184222050388293,0.1909512091738832
0.22407386554131756,False,-1.2932110199880178,-0.15879905819892884,0.05,-0.32813799103436114,-0.15839894413948058,10.035632308836297,104,False,,1.8702753592450592,0.5325418297692136,14.139414667385251,15.201970299677694,0.18496081143823195
0.22950569272330518,False,-1.3225091384339245,-0.1597470223903656,0.05,-0.30623726181399435,-0.15879905819892884,10.158819531174117,105,False,,1.887087928464306,0.8022058032227342,14.23215970412786,15.219322829291599,0.17887986287029545
0.2375634176421048,False,-1.3492663333002186,-0.16115042567253113,0.05,-0.2706703474434291,-0.1597470223903656,10.319127878732958,106,False,,1.9114055898269129,1.1363963032861746,14.326205027273142,15.2363274026927,0.1726654984542213
0.2507031264403879,False,-1.373680466944054,-0.16414645314216614,0.05,-0.24346482038241168,-0.16115042567253113,10.448236099429394,107,False,,1.9452324102911933,1.345302595108232,14.42202039773162,15.253037806907528,0.1662214580117003
0.26246037416247237,False,-1.3953836719190165,-0.16542068123817444,0.05,-0.20634318881435787,-0.16414645314216614,10.616063808887839,108,False,,1.98250164592472,1.575531178163772,14.51977923824762,15.269438753258353,0.15960203414635332
0.28283258406760176,False,-1.4143776803628694,-0.17024361491203308,0.05,-0.17795726719830007,-0.16542068123817444,10.751730104483078,109,False,,2.028089673219423,1.7396109613483823,14.619894932616063,15.285554492387321,0.15262915252769638
0.30433346496908026,False,-1.4300664607931175,-0.17469542026519774,0.05,-0.13952250773385444,-0.17024361491203308,10.927318344144181,110,False,,2.076248019788899,1.930902398989879,14.722500490082876,15.301337843619491,0.1453002240454424
0.3607773754571043,False,-1.4425048267009055,-0.19595244526863098,0.05,-0.10115317487288333,-0.17469542026519774,11.107004949743418,111,False,,2.131620271229192,2.108959037332495,14.827958404207754,15.316769654926592,0.13683770892662483
0.4263613832396923,False,-1.4513804538187995,-0.2183137893676758,0.05,-0.06300821408490931,-0.19595244526863098,11.290677092324215,112,False,,2.191945002320209,2.276640637381226,14.936531174334238,15.33171993318664,0.12711206839302625
0.4537238177777727,False,-1.4562825560093953,-0.2191257119178772,0.05,-0.033940812971683165,-0.2183137893676758,11.440772665672737,113,False,,2.2568574631259004,2.4048992573670764,15.048463646180874,15.34602502907831,0.11705995333500807
0.469696340530337,False,-1.4568786675783838,-0.2149719715118408,0.05,0.00565958503790176,-0.2191257119178772,11.631569074012292,114,False,,2.3190287000410312,2.558652980116107,15.163621544807429,15.35956732072157,0.10693294756483329
0.4899932706189909,False,-1.4528665785090904,-0.2139257848262787,0.05,0.04576308203747281,-0.2149719715118408,11.825026739224018,115,False,,2.374570865805127,2.70566160534492,15.281671924699129,15.372239131927994,0.09661543551086371
0.5173496918409836,False,-1.4439392724023965,-0.21616639494895934,0.05,0.08605940223777164,-0.2139257848262787,12.02053347351443,116,False,,2.42688034105898,2.846528850968588,15.402450036728172,15.383944606256113,0.08595669632442249
0.544237744844102,False,-1.4298675717637512,-0.21837742924690245,0.05,0.126395690870019,-0.21616639494895934,12.217463709486484,117,False,,2.476108683685783,2.981701583045324,15.525798380906748,15.394573412490306,0.0749669173129055
0.5705611289017647,False,-1.4104812963381472,-0.22053675055503844,0.05,0.16661835309414563,-0.21837742924690245,12.415185608098401,118,False,,2.522433227361566,3.0876733135299497,15.651565803915872,15.404019510938236,0.06365718029563361
0.5961542849782038,False,-1.3856805376383032,-0.2227894127368927,0.05,0.20655587255090735,-0.22053675055503844,12.613009575750677,119,False,,2.56488062051744,3.097114125728895,15.779550085095174,15.412177651950893,0.052035698184354384
0.6232045176821801,False,-1.3553955008873104,-0.22543106675148009,0.05,0.24604432579046875,-0.2227894127368927,12.810389702017943,120,False,,2.6064881376930065,3.0971141257294694,15.909698091185714,15.418956113464583,0.040080828552111036
0.6495117439270358,False,-1.3196349348302248,-0.22805228233337402,0.05,0.28492355505033906,-0.22543106675148009,13.006671469468882,121,False,,2.645059723097943,3.097114125728296,16.041844861147563,15.424255503574493,0.027803000980673342
0.6222242951923959,False,-1.2784546135426396,-0.21307471990585328,0.05,0.3240317156941379,-0.22805228233337402,13.201241442139244,122,False,,2.68136562811454,3.097114125729249,16.175861328040313,15.427982523921868,0.016200251085838335
0.596766436546373,False,-1.2318354260028745,-0.19962753653526305,0.05,0.3631387977568794,-0.21307471990585328,13.393449101392868,123,False,,2.715503246610574,3.0636405811531793,16.311618673791425,15.430182019430982,0.005212114038106286
0.6114495617668964,False,-1.179899070003944,-0.20035732984542845,0.05,0.4012565504015977,-0.19962753653526305,13.58245641780543,124,False,,2.7435604066228274,2.889534800751272,16.44879483082863,15.430897003679233,-0.0059312447939223745
0.616219220368782,False,-1.1232698991625731,-0.20084120035171507,0.05,0.43810652673175987,-0.20035732984542845,13.766819120128261,125,False,,2.7508298059353167,2.691291173853863,16.586333901800725,15.43008121621417,-0.017131850862665665
0.5695186721384531,False,-1.0650551114910236,-0.2018104076385498,0.05,0.4655264180093579,-0.20084120035171507,13.91344182280658,126,False,,2.6380068460539183,2.5227713046412457,16.718214888180903,15.427821629756446,-0.02792633900037389
0.5086776852006308,False,-1.0058028415245528,-0.19820818305015564,0.05,0.49833782722900555,-0.2018104076385498,14.078115832996822,127,False,,2.5162891673870864,2.318192683553015,16.843980289622905,15.424308549212874,-0.03803403432795127
0.4324222135564317,False,-0.9465615588585442,-0.1849328577518463,0.05,0.5232107209697503,-0.19820818305015564,14.208058186472694,128,False,,2.4039283818187815,2.143804244992252,16.964089781858785,15.419738096595879,-0.0470281087110922
0.38752749026964034,False,-0.8868152337155821,-0.1798604965209961,0.05,0.5528901008386051,-0.1849328577518463,14.354140606041078,129,False,,2.308309158087079,1.9278698768211968,17.079377634388567,15.414312326388568,-0.05542229388581088
0.36033481234441356,False,-0.8268047916842571,-0.17893951535224914,0.05,0.5750332900687183,-0.1798604965209961,14.470075938089385,130,False,,2.2316951833105945,1.7375454054372488,17.190791063832272,15.408131208559093,-0.06349541280991655
0.3285938995323247,False,-0.7675184329947888,-0.1786558985710144,0.05,0.5957949889438905,-0.17893951535224914,14.57929103562129,131,False,,2.1328652277359255,1.536997930406813,17.297219422352295,15.401364399714037,-0.07119852258120618
0.2930666346296583,False,-0.709851379354782,-0.17868220210075378,0.05,0.6150398895238296,-0.1786558985710144,14.681045053017593,132,False,,2.0141146831145833,1.322643012765238,17.39767001407152,15.394200356504903,-0.07847384401862456
0.27334716324067276,False,-0.6526997292625216,-0.1788305640220642,0.05,0.6331298562314833,-0.17868220210075378,14.7774237162111,133,False,,1.9443487720208672,1.0795058019005708,17.494588266753095,15.386579158088788,-0.08550311693442358
0.2642707687149218,False,-0.5951917948126428,-0.17896932363510132,0.05,0.6503235053053809,-0.1788305640220642,14.869922306897651,134,False,,1.9110382304084417,0.7696748262611656,17.58979111136853,15.37841912301929,-0.0924174414233283
0.2611378845327537,False,-0.536771554630845,-0.17883607149124145,0.05,0.6629908150754455,-0.17896932363510132,14.959422940549182,135,False,,1.900399875045492,0.5383300200422505,17.684405611755025,15.369650113423194,-0.09928804502528088
0.26211063093291115,False,-0.4772854856629417,-0.17760788798332214,0.05,0.6668559468919972,-0.17883607149124145,15.040562134623599,136,False,,1.9106492556514605,0.53314019842575,17.779467576202673,15.360180458695712,-0.10614724825574351
0.26284146438034595,False,-0.41725695705475774,-0.17563149333000183,0.05,0.6635074590850918,-0.17760788798332214,15.115745598504155,137,False,,1.9242734914846167,0.7198520944253706,17.87513972831853,15.349986809467072,-0.11297687682838342
0.26430732233827836,False,-0.35720193141805257,-0.17352257966995238,0.05,0.6602190310456186,-0.17563149333000183,15.19201656983996,138,False,,1.9415640431688834,0.9090849413448795,17.971599047021158,15.33904253380624,-0.11978343371915923
0.26586749681477617,False,-0.2970262321721423,-0.17091363072395324,0.05,0.6534449575979511,-0.17352257966995238,15.269517039054548,139,False,,1.9623901251499605,1.053282360993567,18.069015481704668,15.327317527973886,-0.12655750716682457
0.26367335823105453,False,-0.23663587278828466,-0.16547110676765442,0.05,0.6468092253858511,-0.17091363072395324,15.348391201045107,140,False,,1.986769129639795,1.2000356742477059,18.167559457231775,15.314779034302902,-0.13319323937892236
0.25736596329756123,False,-0.17594864609573213,-0.15730910897254943,0.05,0.6404199134364976,-0.16547110676765442,15.428752282419303,141,False,,2.014035042720213,1.3261341576630064,18.267369282489803,15.301405864700117,-0.13958255132828024
0.25451002152244984,False,-0.11486995097501684,-0.15107967853546142,0.05,0.6341952416155281,-0.15730910897254943,15.510715465739725,142,False,,2.0443649789277814,1.4456422854717719,18.3685933733083,15.287184266490536,-0.14580722314925643
0.25234972465157457,False,-0.053328414902888754,-0.14517766535282134,0.05,0.6281211066045218,-0.15107967853546142,15.59438170693355,143,False,,2.0772482352979114,1.5578245872700052,18.4713536953994,15.272093978840738,-0.15188135816026493
0.25373315909506144,False,0.008746266767443875,-0.14116635024547577,0.05,0.6221162397291882,-0.14517766535282134,15.679855657463433,144,False,,2.1127292608053834,1.6638103047278228,18.575774090657625,15.256111382750799,-0.1578862250355959
0.2595036574313833,False,0.07140689152658752,-0.13937439322471618,0.05,0.6160826512081328,-0.14116635024547577,15.767235197252516,145,False,,2.150491838529776,1.7666119851155562,18.68196127455681,15.239205175473032,-0.16391981355664775
0.2656054470856971,False,0.13469480421756158,-0.1375133067369461,0.05,0.6100199569405595,-0.13937439322471618,15.856623442306576,146,False,,2.190490195972138,1.8647347038740174,18.790017630532336,15.221332229999065,-0.1699825078242161
0.27400445995622513,False,0.1986433625041317,-0.13658306300640105,0.05,0.6038832775032259,-0.1375133067369461,15.948115951458643,147,False,,2.2325140391828135,1.960971228690433,18.900034552303485,15.202449055957812,-0.1761191872615493
0.28227695907753014,False,0.26327827239839174,-0.13533656001091002,0.05,0.5976834910300708,-0.13658306300640105,16.041809716235015,148,False,,2.2765054917579084,2.0542388503578417,19.01209907084555,15.18250571574248,-0.18231897373470973
0.29106415320635765,False,0.3286191475155043,-0.13411662876605987,0.05,0.5914167300691293,-0.13533656001091002,16.137794579945876,149,False,,2.3222854279923215,2.145736113662069,19.126288850714555,15.161452967795187,-0.18858573469565654
0.30013782872980294,False,0.3946828259620051,-0.13281874358654022,0.05,0.5850842735100903,-0.13411662876605987,16.23616079298015,150,False,,2.369837249820035,2.235972886268442,19.242679893900632,15.139239311125392,-0.1949181912547009
0.3095394935951576,False,0.461478727349966,-0.13148790299892424,0.05,0.5786860791146471,-0.13281874358654022,16.33699096292438,151,False,,2.4189597444531743,2.323979316529594,19.361337551748022,15.115813345886284,-0.20131638565014187
0.31920328658578756,False,0.5290161062826231,-0.13009297549724577,0.05,0.5722237291316352,-0.13148790299892424,16.440371019200676,152,False,,2.4697152539338227,2.4123882244300305,19.48232942108547,15.0911212187399,-0.20777873563314797
0.32920992920166803,False,0.597295327141417,-0.1286975562572479,0.05,0.5656965558519538,-0.13009297549724577,16.546376487869736,153,False,,2.5218415008743214,2.4977986641669103,19.605709450543685,15.065110072672876,-0.2143059089128232
0.3415482171974592,False,0.6663172981559335,-0.12802987396717072,0.05,0.5590656525238766,-0.1286975562572479,16.655087272476848,154,False,,2.575427511899526,2.5838208764916737,19.731535083237013,15.037724358697409,-0.220936812240899
0.3622852364767929,False,0.7360726989394664,-0.13016974925994873,0.05,0.5521789442868461,-0.12802987396717072,16.766580194913086,155,False,,2.6303222381939375,2.6687018534418594,19.859854377902185,15.008903423451018,-0.22782352047793886
0.40377269201107857,False,0.8065316417853694,-0.13896316587924956,0.05,0.5446640579965631,-0.13016974925994873,16.880941687529575,156,False,,2.6864857059315197,2.7528467879207414,19.99070776085658,14.978565233165078,-0.23533840676822493
0.4575869572336441,False,0.8776170629447899,-0.15078645944595337,0.05,0.5363258542235476,-0.13896316587924956,16.99828553526525,157,False,,2.7439180529180827,2.8373030201318383,20.12412192567289,14.946574979505698,-0.24367661054123868
0.5237117731677116,False,0.9492175240220664,-0.1651866853237152,0.05,0.5269820994231935,-0.15078645944595337,17.11873454290635,158,False,,2.8024695872179493,2.9207549407625515,20.260105803197874,14.912767073307982,-0.25302036534158256
0.5403819275936959,False,1.0211907387493828,-0.1634398341178894,0.05,0.517542033475872,-0.1651866853237152,17.242427443832273,159,False,,2.8621724181225043,3.004120226848756,20.39865795337553,14.876942793010935,-0.2624604312889054
0.5463255827750689,False,1.093497936117085,-0.15851606726646422,0.05,0.5081967618124312,-0.1634398341178894,17.36943756156909,160,False,,2.9230053574151933,3.087780711853811,20.53980323584502,14.839023008790791,-0.2718057029523515
0.5548177218246254,False,1.1661201810396957,-0.15444279313087464,0.05,0.4989029223361148,-0.15851606726646422,17.4998200959203,161,False,,2.9848682196334533,3.1712319318427546,20.68356757610915,14.798955438489317,-0.28109954242866797
0.5614647289765805,False,1.2390322581077937,-0.14997742474079132,0.05,0.48969183501957314,-0.15444279313087464,17.633633470414058,162,False,,3.047765750564928,3.2542771664694508,20.829974774621085,14.756681068006968,-0.29031062974521316
0.5672187431166914,False,1.312211837472237,-0.145419904589653,0.05,0.48057748968868275,-0.14997742474079132,17.770932957405524,163,False,,3.111681215296544,3.337587775328524,20.9790484209881,14.712145150783721,-0.29942497507609644
0.5730616351490564,False,1.385637302966316,-0.14103486835956572,0.05,0.47155740983314454,-0.145419904589653,17.91177147111757,164,False,,3.1765884799663757,3.421089720369559,21.13081093031283,14.665295106054835,-0.3084450549316262
0.5783050780056873,False,1.4592845234152172,-0.1366611510515213,0.05,0.4626395879125744,-0.14103486835956572,18.05619853869185,165,False,,3.2424121223533606,3.5047356472998445,21.285280541024054,14.616078947177057,-0.3173628768522083
0.5824476608282403,False,1.5331303410588166,-0.13219697177410125,0.05,0.4538390473752347,-0.1366611510515213,18.204263116680895,166,False,,3.309158445195777,3.588073681124847,21.44247577049618,14.564445780803766,-0.326163417389544
0.5853023895632581,False,1.6071531626858282,-0.12762657701969146,0.05,0.4451725379229896,-0.13219697177410125,18.35601180889586,167,False,,3.3768058108557604,3.6715877455919075,21.602414563829768,14.51034748048325,-0.3348299268417847
0.5868429855084034,False,1.6813335011769792,-0.12297106683254241,0.05,0.43665604350106646,-0.12762657701969146,18.511488674874744,168,False,,3.445331825718616,3.7552979929949957,21.76511453854643,14.453739206348883,-0.34334642126371184
0.5871015899971161,False,1.7556541716423262,-0.11826113462448119,0.05,0.4283039896858649,-0.12297106683254241,18.67073525144182,169,False,,3.5147138834766416,3.839185126870408,21.930593137855357,14.394579529393084,-0.35169847507892005
0.6023605479223638,False,1.8300817389079853,-0.11670102775096892,0.05,0.4199005994763003,-0.11826113462448119,18.83374987558151,170,False,,3.5840329492060192,3.92321717470423,22.098825665170843,14.332845849723636,-0.36010186528848553
0.6591544984620001,False,1.9042050728294955,-0.123976993560791,0.05,0.41083741736071344,-0.11670102775096892,18.999776936618535,171,False,,3.636440766916768,4.006996280827309,22.268985807854584,14.268777296828445,-0.3691650474040693
0.7215418896280267,False,1.9776119305473179,-0.13270126283168793,0.05,0.40102336901213853,-0.123976993560791,19.16828538074443,172,False,,3.6760665120062517,4.0902723691850476,22.440406110844076,14.202454282536833,-0.3789790957526429
0.6956190479627085,False,2.050123702155032,-0.1253383845090866,0.05,0.3916613596160068,-0.13270126283168793,19.339303693170457,173,False,,3.715116160053473,4.173084982284396,22.612981211628032,14.133729797845179,-0.38834110514877285
0.6755742550412498,False,2.121956357986997,-0.11867622435092925,0.05,0.38268622013284226,-0.1253383845090866,19.51323335058391,174,False,,3.7635863838545824,4.255646130509419,22.78714841259251,14.062475027618632,-0.3973162446319449
0.6417100768189433,False,2.1931713388492953,-0.10982612371444701,0.05,0.3742742488110662,-0.11867622435092925,19.690151429389473,175,False,,3.8142669076756146,4.312613495941803,22.963005718425503,13.988679444467369,-0.40572821595371567
0.6119381589536973,False,2.263810345920928,-0.10209192037582397,0.05,0.36635642708771554,-0.10982612371444701,19.86999118142017,176,False,,3.8643087728864796,4.2215009024604875,23.14053500472116,13.912419636980902,-0.41364603767706365
0.581486087184599,False,2.333614490106217,-0.09541709125041961,0.05,0.358896352766398,-0.10209192037582397,20.051925672419365,177,False,,3.897321006054699,4.090124229981274,23.318966322328407,13.834093125137661,-0.42110611199838877
0.5475909227547276,False,2.4024188458853133,-0.08895440697669983,0.05,0.3519078254309411,-0.09541709125041961,20.23533383713772,178,False,,3.91778479549479,3.953250499664281,23.497742159617196,13.754019444934876,-0.4280946393338416
0.5114530594778735,False,2.470109105834516,-0.08269847631454467,0.05,0.3453968289300562,-0.08895440697669983,20.419679500165827,179,False,,3.9276096939115086,3.810713180037064,23.67640095290086,13.672494415945652,-0.4346056358347252
0.4501347614615353,False,2.534875927275124,-0.07672928273677826,0.05,0.33951410355193135,-0.08269847631454467,20.599676994062214,180,False,,3.8259032381118674,3.666221565455834,23.84991258216145,13.591949065491251,-0.4404883612128465
0.39176935644211863,False,2.5968749856724678,-0.07053153365850448,0.05,0.33425311454372064,-0.07672928273677826,20.77521710011456,181,False,,3.723343232904126,3.5196340105578083,24.01830888615079,13.512570876561533,-0.44574935022105766
0.30091990018610026,False,2.65628208234836,-0.057292149960994715,0.05,0.3300986908734931,-0.07053153365850448,20.94627913612606,182,False,,3.6216804552507433,3.37071744269025,24.18169879941053,13.43449937379107,-0.4499037738912883
0.17081791469451385,False,2.713417485382273,-0.03434690460562706,0.05,0.3276760116013655,-0.057292149960994715,21.113032035110702,183,False,,3.5253926646328493,3.219037481187411,24.340427656924568,13.357843432130256,-0.4523264531634186
0.09696116429762289,False,2.768768878771248,-0.020485644042491914,0.05,0.3262665472335864,-0.03434690460562706,21.275863640127476,184,False,,3.4396458156296124,3.0638862069097805,24.495114159874674,13.28267698916857,-0.45373591753118925
0.029164965214063705,False,2.8226782986819976,-0.0064429683610796925,0.05,0.3258330595771177,-0.020485644042491914,21.435189880495734,185,False,,3.36399027495612,2.903352222391211,24.646294544919797,13.208950687195623,-0.4541694051876668
0.13452169949013476,False,2.87504415380435,0.03140504434704781,0.05,0.3278887953045402,-0.0064429683610796925,21.590175461937175,186,False,,3.2718626644431383,2.73784287151302,24.793303544241585,13.137179750488285,-0.452113669460247
0.19509995093150947,False,2.9260087233070897,0.048650890588760376,0.05,0.33097088586055756,0.03140504434704781,21.739997370162257,187,False,,3.1650587058571147,2.567702511620307,24.935656129526723,13.068044137440866,-0.4490315789042256
0.21253011909043623,False,2.975493637803549,0.057219493389129635,0.05,0.3344600340362778,0.048650890588760376,21.884012129077107,188,False,,3.0455874670097534,2.393055549916386,25.07283973031004,13.001940678952364,-0.44554243072850275
0.24156175499619176,False,3.0233387430239276,0.07094754427671432,0.05,0.33860334511527146,0.057219493389129635,22.021689615312972,189,False,,2.91508108359108,2.2143529900532384,25.204364842148358,12.939128345245566,-0.4413991196495086
0.26797610031191355,False,3.0694262676281223,0.08678368628025054,0.05,0.34343185561043654,0.07094754427671432,22.152558279100482,190,False,,2.774935464883512,2.0306053756127938,25.329813408378133,12.879855043358761,-0.43657060915434354
0.24550377018179717,False,3.113638841094546,0.0887652575969696,0.05,0.34810621352696325,0.08678368628025054,22.27619423745819,191,False,,2.6260694470293684,1.8347996311418358,25.448801541106175,12.824335442122381,-0.4318962512378093
0.22288314633064013,False,3.1558704614968125,0.09063586592674255,0.05,0.3526069585807403,0.0887652575969696,22.39257202745478,192,False,,2.4760694470293685,1.6323334124731381,25.561236589275037,12.772512091115846,-0.42739550618402955
0.1998793009434191,False,3.196035347568146,0.09209419190883636,0.05,0.3569034618772968,0.09063586592674255,22.50171999861268,193,False,,2.3260694470293686,1.4211929207278726,25.66707837854515,12.72430406973859,-0.4230990028874775
0.17728588385455574,False,3.234048507278318,0.09332655072212219,0.05,0.3609769964810985,0.09209419190883636,22.603667020563137,194,False,,2.1760694470293687,1.1691149175637479,25.766287659383607,12.679630652684901,-0.41902546828368603
0.1634146476405021,False,3.2707600651624875,0.09425179660320282,0.05,0.36490737744561264,0.09332655072212219,22.70091136884356,195,False,,2.078865243806587,0.9139255856262283,25.8612383619399,12.637339213375821,-0.41509508731918254
0.15674989057323002,False,3.3068331894276692,0.09542428851127624,0.05,0.3644618759981295,0.09425179660320282,22.795420430533554,196,False,,2.023408913722479,0.6812217393292008,25.95381720882265,12.596539505163753,-0.41122167622787575
0.15535749039384866,False,3.3424993615410155,0.0968450367450714,0.05,0.35538979793841197,0.09542428851127624,22.932199738164044,197,False,,1.999479967390761,0.5395146052448017,26.04545669156572,12.556576953286095,-0.40733672881836025
0.16507467695694394,False,3.3682753134533288,0.10173341631889343,0.05,0.15603187325263512,0.0968450367450714,23.728740589038228,198,False,,2.010608286705354,1.8319230568169849,26.137761624334246,12.516750283917203,-0.40323163589577415
0.25006967263206287,False,3.373356846305336,0.14173341631889344,0.05,-0.04833864642327734,0.10173341631889343,24.535797589874058,199,False,,2.093165129316746,2.566247488448123,26.23402605088641,12.47568313369891,-0.3972581541783118
0.3492061639933146,False,3.3545357563146783,0.18173341631889345,0.05,-0.2739180076094878,0.14173341631889344,25.43204587383753,200,False,,2.1796380843633765,3.0971129439329337,26.33452101716755,12.433518964085708,-0.38924750859227375
0.4529540439693345,False,3.3125788355064794,0.22173341631889346,0.05,-0.4720343615364233,0.18173341631889345,26.23095918525558,201,False,,2.2412038993874526,2.579059876379753,26.43819853653164,12.390992980557018,-0.37914235831805865
0.5072281260988347,False,3.2528751897795027,0.24801905751228331,0.05,-0.6413756042941117,0.22173341631889346,26.92417965230428,202,False,,2.2377502562402167,1.5768746473327013,26.542140067928145,12.349580741131847,-0.36780891919355474
0.4294094510103183,False,3.184986427455383,0.23756933212280273,0.05,-0.7344820358925994,0.24801905751228331,27.340455252903688,203,False,,2.1055751344587135,0.5215757555955987,26.6403775114278,12.311725473179035,-0.3576119558085198
0.43955246442486107,False,3.114263102058322,0.2482984185218811,0.05,-0.7343539364049385,0.23756933212280273,27.458129192471556,204,False,,2.0819031827825225,0.6645366881340068,26.73788713203711,12.275288183971021,-0.3470554499138174
0.43656927530083073,False,3.043896252322923,0.24474542140960692,0.05,-0.7275269533742414,0.2482984185218811,27.535389306632126,205,False,,2.090460333633156,0.854127613274043,26.836178310740404,12.239736739480668,-0.33661350877107177
0.43934690927978587,False,2.9740073542197,0.244197142124176,0.05,-0.718056640645067,0.24474542140960692,27.613719386117314,206,False,,2.099549382029521,1.0126952121462822,26.93526429820815,12.205063462933836,-0.3261506229480413
0.4420331511233576,False,2.9044927738243103,0.24260135293006896,0.05,-0.7075975574714852,0.244197142124176,27.693288707059946,207,False,,2.113154393111694,1.1610762060075732,27.03535202764862,12.171210839131989,-0.3156915397744626
0.4466629926354425,False,2.8352541845042003,0.24124701619148253,0.05,-0.6971144077686713,0.24260135293006896,27.774235437680645,208,False,,2.1303854533123094,1.2961656814721934,27.13660732037036,12.138139383992451,-0.3052083900716478
0.4525795605435559,False,2.766197903373473,0.23977990150451658,0.05,-0.6865954626703781,0.24124701619148253,27.856703740829758,209,False,,2.1512592580068013,1.4166363903897865,27.239199191426707,12.105817580499176,-0.29468944497335015
0.45981531045677004,False,2.697248646155455,0.238300484418869,0.05,-0.67602680296514,0.23977990150451658,27.940826314328113,210,False,,2.175371916974462,1.5335145832464965,27.343279032728407,12.074226536237939,-0.28412078526811024
0.46830470722579376,False,2.628341069677047,0.23679884076118468,0.05,-0.6653959832594571,0.238300484418869,28.026734097446656,211,False,,2.2025804227287984,1.6402213020976686,27.448992813954174,12.043355874511619,-0.27348996556243055
0.4779356805414479,False,2.5594220297882186,0.23525869846343994,0.05,-0.654692718912973,0.23679884076118468,28.114552819459863,212,False,,2.2326631627040294,1.7460461019061562,27.556477030369596,12.013204502788236,-0.26278670121594905
0.4886875474765793,False,2.490449306372108,0.23370164036750793,0.05,-0.6439069538939801,0.23525869846343994,28.20440367892413,213,False,,2.2654283058091056,1.8448372047099486,27.665859817587506,11.983779693828037,-0.2520009361969575
0.5004614684126032,False,2.4213898545088544,0.2321018099784851,0.05,-0.6330308414982175,0.23370164036750793,28.296405136176464,214,False,,2.3007369278731855,1.943296769257599,27.777263276133596,11.955096154085387,-0.24112482380119493
0.5132416749922198,False,2.3522205434136416,0.23047905564308166,0.05,-0.6220567123142007,0.2321018099784851,28.390671167428174,215,False,,2.3384164081988326,2.03728137294611,27.890801575672082,11.92717603977253,-0.23015069461717275
0.5269345119752307,False,2.2829266358111764,0.22881014943122863,0.05,-0.6109789392393177,0.23047905564308166,28.487312893034947,216,False,,2.378341334550143,2.1305950263758797,28.006583040628485,11.90004817344243,-0.2190729215422893
0.5415392072063558,False,2.21350098526726,0.22710968255996702,0.05,-0.5997919873602444,0.22881014943122863,28.586439007418818,217,False,,2.4204055450515742,2.221667985532167,28.124710854095916,11.8737474663855,-0.2078859696632227
0.5569481779156465,False,2.143945571254458,0.22535921931266784,0.05,-0.5884923287573347,0.22710968255996702,28.688153268931142,218,False,,2.4644469248492427,2.311299815817438,28.245280151690512,11.848315378562381,-0.19658631106031477
0.5731824722671125,False,2.074266802516134,0.2235656976699829,0.05,-0.5770764428437056,0.22535921931266784,28.792560602225333,219,False,,2.510459882849562,2.400721145728454,28.368385455141826,11.823797908859074,-0.1851704251466848
0.5901079210365006,False,2.0044819396035574,0.22171778082847596,0.05,-0.5655428238282152,0.2235656976699829,28.899757350833557,220,False,,2.558207966831103,2.487699192102782,28.494109210800666,11.800247807650555,-0.17363680613119348
0.6077279043524819,False,1.9346107413923157,0.21980833411216735,0.05,-0.5538904651720888,0.22171778082847596,29.00984307935784,221,False,,2.6077463039337987,2.5752299820647266,28.62253588763854,11.77772136450965,-0.16198444747506713
0.6259704667504453,False,1.8646816713659093,0.21784261465072632,0.05,-0.5421192356226108,0.21980833411216735,29.122910755638525,222,False,,2.658900092464717,2.6614354176048685,28.75374053328322,11.75628039402028,-0.15021321792559217
0.644687359021713,False,1.7947279617430776,0.21578065752983092,0.05,-0.5302318006696494,0.21784261465072632,29.239052351823833,223,False,,2.7116335928341657,2.7471541235176407,28.887795453739717,11.735990737643947,-0.13832578297262899
0.6638710098776273,False,1.7247869317803581,0.21363122463226317,0.05,-0.5182309159735605,0.21578065752983092,29.358359137526108,224,False,,2.7659252908819627,2.833161480898609,29.024770744694873,11.716921745677901,-0.12632489827653615
0.6833214743998816,False,1.6549033900860108,0.21136525869369507,0.05,-0.5061222254465303,0.21363122463226317,29.48091557888662,225,False,,2.8216159000614236,2.9181951134324864,29.164727353622574,11.699147091358991,-0.11421620774950503
0.7011802680702164,False,1.5851248137077607,0.20845690369606018,0.05,-0.49394353486834675,0.21136525869369507,29.6068063679627,226,False,,2.8787178045494004,3.003074771191637,29.307725417572286,11.682743000338514,-0.10203751717132281
0.7206196109231074,False,1.515498409050411,0.2058659791946411,0.05,-0.4816763854314261,0.20845690369606018,29.736111877105053,227,False,,2.937192599750707,3.0881988043605446,29.453821184767442,11.667783798229639,-0.0897703677344035
0.7411797574998327,False,1.446079394992394,0.20344918370246887,0.05,-0.4693107895506601,0.2058659791946411,29.868909358645336,228,False,,2.996943150360339,3.17331581718159,29.603064959594473,11.654350023942124,-0.0774047718536357
0.7617591517090775,False,1.3769284345302766,0.20090975761413574,0.05,-0.4568553549481895,0.20344918370246887,30.00527511667948,229,False,,3.057938867738229,3.2578284136108366,29.755504090712474,11.642526885566499,-0.06494933725116914
0.7826545410260486,False,1.3081089308972904,0.1983393609523773,0.05,-0.44431345435469716,0.20090975761413574,30.14528354557265,230,False,,3.120159242181291,3.3426104179340412,29.911183115205244,11.632401394249857,-0.05240743665767722
0.8036825458261758,False,1.2396879911075778,0.1957048773765564,0.05,-0.4316910986865805,0.1983393609523773,30.289006674012825,231,False,,3.183567976364668,3.427602606554334,30.07014296917717,11.624063080537809,-0.03978508098955835
0.8247883574291469,False,1.171736308026717,0.19301027655601502,0.05,-0.41899466864352464,0.1957048773765564,30.436513068052214,232,False,,3.248111298341192,3.5127702616747354,30.2324200190063,11.617603466402084,-0.027088650946499815
0.8458423625017533,False,1.1043277448994808,0.19024245142936705,0.05,-0.4062320303393845,0.19301027655601502,30.587868069568838,233,False,,3.313744158318536,3.598078559730082,30.39804644041623,11.61311577234879,-0.014326012642356556
0.8667703040335184,False,1.0375383131164266,0.1873994529247284,0.05,-0.3934117012125098,0.19024245142936705,30.743135006205936,234,False,,3.380452621207524,3.683229136657347,30.567051727123978,11.61069443482508,-0.001505683515484968
0.8874235393530011,False,0.9714462264766459,0.1844669759273529,0.05,-0.3805438045352898,0.1873994529247284,30.90237436168582,235,False,,3.448207432858262,3.768631872040901,30.73946190333263,11.610434839468686,0.011362213161737245
0.9076255856954594,False,0.9061314245463288,0.18142817616462706,0.05,-0.36764032743736585,0.1844669759273529,31.065643645075582,236,False,,3.5169806510588186,3.854274252759094,30.91529958496249,11.612432830670118,0.02426569025965941
0.9270973448087068,False,0.8416750275680162,0.17825031280517578,0.05,-0.354716390146673,0.18142817616462706,31.232997228319704,237,False,,3.5867449831887113,3.9401507823124446,31.09458403769922,11.616784145754645,0.03718962755035138
0.9453193093756257,False,0.7781585253061482,0.17486291527748107,0.05,-0.341793272754773,0.17825031280517578,31.404486130405946,238,False,,3.657473969740543,4.0262606455100896,31.277331287344666,11.623583582889422,0.05011274494225315
0.9596566081743771,False,0.7156623609814253,0.17083779573440552,0.05,-0.3289262836044613,0.17486291527748107,31.580157643972672,239,False,,3.729142058658052,4.112605944319728,31.46355431560095,11.632923549762511,0.06297973409256352
0.9667089165973335,False,0.6542593643669441,0.1656818389892578,0.05,-0.31621219972311065,0.17083779573440552,31.760053300946552,240,False,,3.801724629233463,4.1991896067322845,31.653263688180864,11.644887217537738,0.07569381797391284
0.988025980992461,False,0.5940060827497566,0.16302312612533568,0.05,-0.3034641284199133,0.1656818389892578,31.944206603448976,241,False,,3.8751978926596538,4.286013611583454,31.846468768895416,11.659539642397398,0.08844188927710972
1.003332800100452,False,0.5349944774750671,0.1594374418258667,0.05,-0.2907622299025969,0.16302312612533568,32.132660233513654,242,False,,3.9495387194788183,4.373086474993858,32.04317387905077,11.676982115858056,0.1011437877944239
1.0198760399397728,False,0.47730355184815415,0.15612273216247557,0.05,-0.2780920978748558,0.1594374418258667,32.32544973828985,243,False,,4.024725384497127,4.460414908500381,32.24338169534733,11.697301228665976,0.11381391982216726
1.0348489573007327,False,0.42101651879747476,0.1526515781879425,0.05,-0.2654742567285302,0.15612273216247557,32.522609266260275,244,False,,4.100736985429354,4.548006216593863,32.44709199399393,11.720586927806952,0.1264317609684995
1.0444189183251802,False,0.3663239257927432,0.14910110235214233,0.05,-0.2529487491173379,0.1526515781879425,32.723764990679605,245,False,,4.1691680319338325,4.6356912047938295,32.65388651104334,11.746872530606726,0.13895726857967539
1.04249999439636,False,0.3135216940343156,0.145332071185112,0.05,-0.24059624064691976,0.14910110235214233,32.928040557252146,246,False,,4.21979064775518,4.722960304001649,32.862842307701364,11.776096798265904,0.15130977705010107
1.0356943890647685,False,0.2627129500901547,0.14141889810562133,0.05,-0.2284532984516674,0.145332071185112,33.13512840890165,247,False,,4.264594084411415,4.809800861437333,33.073635755772074,11.808237566963175,0.16345271924535698
1.0212995529005098,False,0.21404947860831564,0.13737545907497406,0.05,-0.21657092497472252,0.14141889810562133,33.34442245060167,248,False,,4.297540196335286,4.8960328249893195,33.28564873845673,11.843203615080604,0.17533509272229875
0.999442017123339,False,0.16762529222049932,0.13303806781768798,0.05,-0.20500572387403349,0.13737545907497406,33.55542074607705,249,False,,4.320902025053789,4.883342607783235,33.49838146673342,11.88089011259949,0.18690029382299844
0.959456348998331,False,0.12350188927818274,0.1269592523574829,0.05,-0.19393908078869426,0.13303806781768798,33.76762718312468,250,False,,4.334902380061713,4.760841012473215,33.71135195293646,11.92116440487263,0.19796693690833456
0.8733976574952056,False,0.08292718932973284,0.1225402683019638,0.05,-0.18356771021551133,0.1269592523574829,33.97421121006201,251,False,,4.210618313813386,4.629002307386385,33.91777087549359,11.962570864174369,0.20833830748151083
0.7848912307431839,False,0.045629619238802294,0.11696355342864989,0.05,-0.17396434568924857,0.1225402683019638,34.175105396973585,252,False,,4.086542943347013,4.49680074747951,34.117679644368,12.004832752403184,0.21794167200776648
0.707028689606011,False,0.011334925150749044,0.11209181249141693,0.05,-0.16504326239732592,0.11696355342864989,34.37024902659383,253,False,,3.9626840511935235,4.364547645382538,34.311126897140056,12.047673417884765,0.22686275529969668
0.6344515753958884,False,-0.020201922910424185,0.10720680356025696,0.05,-0.15678013279032488,0.11209181249141693,34.55959319773317,254,False,,3.8390513375092423,4.2323189536142785,34.49816102952503,12.090847730306372,0.23512588490670439
0.5683361249589443,False,-0.04920980222990057,0.10255288481712341,0.05,-0.14913227686201447,0.10720680356025696,34.74309742819675,255,False,,3.7156565858885213,4.100130840885737,34.67883204839756,12.134128703033461,0.24277374083501302
0.5075949079446763,False,-0.07589860588840486,0.09800915122032165,0.05,-0.14206765703937307,0.10255288481712341,34.92072934903252,256,False,,3.5925139688261853,3.968005708423633,34.85319020772263,12.177309993163574,0.2498383606576402
0.4519716003525825,False,-0.1004619671539288,0.09358617961406708,0.05,-0.1355544230028234,0.09800915122032165,35.092463599350715,257,False,,3.4696404107062233,3.835978389585467,35.02128602774987,12.220202961566137,0.2563515946941983
0.4009126501583218,False,-0.12307796957072618,0.08922961950302123,0.05,-0.1295653890263857,0.09358617961406708,35.258281201637786,258,False,,3.3470560672657634,3.7041052852081786,35.18316998890843,12.262635778031282,0.2623406286706418
0.3538724317319426,False,-0.1439105940867842,0.08486738204956054,0.05,-0.12407862884484988,0.08922961950302123,35.418168963775045,259,False,,3.224784937045411,3.5724788517829267,35.33889253189417,12.304451855460233,0.2678273888521776
0.3084672659479387,False,-0.16310543176932887,0.07997550666332244,0.05,-0.1191064504954662,0.08486738204956054,35.572073240947695,260,False,,3.101932837809123,3.4408398457761122,35.488459687693336,12.3454961514323,0.2727995672015613
0.2661568092618979,False,-0.1808130638570384,0.07476567327976226,0.05,-0.11464141357345525,0.07997550666332244,35.72004018294541,261,False,,2.9804547410293045,3.308835544213351,35.6319716217417,12.38564712830719,0.27726460412357756
0.236979484323313,False,-0.1971674318951469,0.07233433574438095,0.05,-0.11049753701050236,0.07476567327976226,35.862071392071556,262,False,,2.85939362241444,3.1770803761315407,35.76948097391614,12.424781611622132,0.28140848068652513
0.20730574724374312,False,-0.21226818896722946,0.06898286193609238,0.05,-0.10671292729589688,0.07233433574438095,35.998176221145606,263,False,,2.7387995444299977,3.0458552571807997,35.90103445048763,12.462811076033026,0.2851930904011235
0.18168507514162086,False,-0.226214319131185,0.06613675653934478,0.05,-0.10324397760049076,0.06898286193609238,36.128368058305895,264,False,,2.6187332059391104,2.915671123751257,36.026682231564415,12.499649155790266,0.2886620400965252
0.17368136934927197,False,-0.23971257779456487,0.06319531649351119,0.05,-0.09992878775529412,0.06613675653934478,36.25864455589414,265,False,,2.6194784832715,2.777646284190142,36.15223718955126,12.536933486758223,0.2919772299417258
0.15155738500655255,False,-0.25212520069844685,0.06111165583133697,0.05,-0.09688355049578634,0.06319531649351119,36.382445506036035,266,False,,2.4884331185217228,2.6397430491884477,36.27139289914477,12.57274780421165,0.2950224672012385
0.12845214747341402,False,-0.2635316219821888,0.05767419040203094,0.05,-0.09416020719337981,0.06111165583133697,36.49981022251441,267,False,,2.3583539276836385,2.5037100601567004,36.38421603338279,12.607033712414026,0.297745810503649
0.10713847132995782,False,-0.27399428710276846,0.054021790623664856,0.05,-0.09175324875153956,0.05767419040203094,36.6105972096287,268,False,,2.2255986947594852,2.366578446719524,36.49059967546265,12.639679455982106,0.30015276894548837
0.09093495125837942,False,-0.28360796979128955,0.05157862454652786,0.05,-0.08958657770437162,0.054021790623664856,36.71508058826856,269,False,,2.0984946325246003,2.229182967986482,36.59083336206272,12.67070214731273,0.3023194399926519
0.07714798090980454,False,-0.2924340487942423,0.04950370788574219,0.05,-0.08763152427839493,0.05157862454652786,36.81333698563264,270,False,,1.973040221945107,2.0946564064501607,36.685011354367035,12.700074329033889,0.3042744934186219
0.06496105161253261,False,-0.3005278573797273,0.04743621647357941,0.05,-0.0858754434377973,0.04950370788574219,36.90546227751906,271,False,,1.8496031079749018,1.9549479751434398,36.773243393708746,12.727781482914775,0.3060305742592204
0.05442115306632857,False,-0.3079411776915107,0.04549802541732788,0.05,-0.08430135164970531,0.04743621647357941,36.99157639403954,272,False,,1.7286524673454005,1.8211230746761635,36.85566009564817,12.753821560172277,0.3076046660473142
0.05235506745394036,False,-0.315228364055429,0.04365992099046707,0.05,-0.08278897880646507,0.04549802541732788,37.077813629601685,273,False,,1.7308915485962144,1.6676051865269619,36.93814240514103,12.780025233640485,0.30911703889055797
0.04367298716487754,False,-0.3218360555800094,0.042724956572055814,0.05,-0.08142257378696982,0.04365992099046707,37.157444859644805,274,False,,1.5980981678812844,1.520814555197012,37.01426002491708,12.804333716626736,0.31048344391005633
0.03510215864598903,False,-0.32781993981178154,0.040507882833480835,0.05,-0.08022980709785976,0.042724956572055814,37.23077409070069,275,False,,1.4714595472180294,1.3621716138798883,37.08431518245688,12.826811659144248,0.3116762105991695
0.028498048093836863,False,-0.33323907376066586,0.03893635421991348,0.05,-0.07917616049057319,0.040507882833480835,37.29817424805422,276,False,,1.3523532414329131,1.2002535316597325,37.14867508573128,12.847546920766568,0.3127298572064583
0.023011560838947516,False,-0.33815150647244235,0.037266013026237485,0.05,-0.07824990657180253,0.03893635421991348,37.3600888857932,277,False,,1.2421842635452536,1.0515135316702797,37.20777183163884,12.866655269325136,0.3136561111252316
0.018702833551502485,False,-0.34261564494094293,0.035826741904020305,0.05,-0.07743115848792126,0.037266013026237485,37.41702215976574,278,False,,1.1421604471348619,0.7453390881449342,37.2620936608971,12.88427528872167,0.31447485920911156
0.01514592389503978,False,-0.34668845756098143,0.0341335617005825,0.05,-0.0767120025932182,0.035826741904020305,37.46951614040127,279,False,,1.053034815303076,0.4408865262108205,37.3121633047513,12.900561373883985,0.31519401510381373
0.011332094119009182,False,-0.35025438699825273,0.03270125538110733,0.05,-0.07610314640819205,0.0341335617005825,37.51590955636831,280,False,,0.9306051574846248,0.17181578367922345,37.35640130772467,12.914985797296056,0.31580287128883855
0.007575057818492608,False,-0.3532218460576517,0.031068719923496246,0.05,-0.07561794222103879,0.03270125538110733,37.545534186110416,281,False,,0.7806051574846248,0.0,37.39350141512641,12.927107804576536,0.31628807547599136
0.004711932988517768,False,-0.35560382770294896,0.029614001512527466,0.05,-0.07524433815733955,0.031068719923496246,37.545534186110416,282,False,,0.6306051574846248,0.0,37.423467662588024,12.936915004721566,0.3166616795396906
0.0029082658727858177,False,-0.3575000159507784,0.028560183942317963,0.05,-0.07495609659303959,0.029614001512527466,37.545534186110416,283,False,,0.5044841259876998,0.0,37.447437727676444,12.944769720699286,0.31694992110399056
0.0018002847032125464,False,-0.35901116641235276,0.02762458249926567,0.05,-0.07473306124236245,0.028560183942317963,37.545534186110416,284,True,success,0.4035873007901598,0.0,37.46661196770611,12.951059020555594,0.3171729564546677
