scenario,planner,pose_source,seed,outcome,success,time_to_goal_s,duration_s,path_length_m,min_clearance_m,loc_rmse_m,loc_max_m,yaw_rmse_rad,n_replans,n_recoveries,plan_ms_mean,plan_ms_p95,fallback_frac,mppi_ess_mean
corridor_box,pure_pursuit,gt,0,collision_static,False,nan,4.1,12.3682,0.25,0.0,0.0,0.0,0,0,0.2223,0.2361,0.0,nan
corridor_box,pure_pursuit,gt,1,collision_static,False,nan,4.1,12.3682,0.25,0.0,0.0,0.0,0,0,0.4242,1.3002,0.0,nan
corridor_box,pure_pursuit,gt,2,collision_static,False,nan,4.1,12.3682,0.25,0.0,0.0,0.0,0,0,0.2216,0.2354,0.0,nan
corridor_box,pure_pursuit,gt,3,collision_static,False,nan,4.1,12.3682,0.25,0.0,0.0,0.0,0,0,0.2177,0.2363,0.0,nan
corridor_box,pure_pursuit,gt,4,collision_static,False,nan,4.1,12.3682,0.25,0.0,0.0,0.0,0,0,0.186,0.2561,0.0,nan
corridor_box,pure_pursuit,gt,5,collision_static,False,nan,4.1,12.3682,0.25,0.0,0.0,0.0,0,0,0.2243,0.2394,0.0,nan
corridor_box,pure_pursuit,gt,6,collision_static,False,nan,4.1,12.3682,0.25,0.0,0.0,0.0,0,0,0.2403,0.2704,0.0,nan
corridor_box,pure_pursuit,gt,7,collision_static,False,nan,4.1,12.3682,0.25,0.0,0.0,0.0,0,0,0.1903,0.2378,0.0,nan
corridor_box,pure_pursuit,gt,8,collision_static,False,nan,4.1,12.3682,0.25,0.0,0.0,0.0,0,0,0.2244,0.2328,0.0,nan
corridor_box,pure_pursuit,gt,9,collision_static,False,nan,4.1,12.3682,0.25,0.0,0.0,0.0,0,0,0.2131,0.2348,0.0,nan
corridor_box,pure_pursuit,mcl,0,collision_static,False,nan,4.1,12.3594,0.25,0.0391,0.0711,0.0071,0,0,0.2853,0.2401,0.0,nan
corridor_box,pure_pursuit,mcl,1,collision_static,False,nan,4.1,12.3287,0.25,0.0212,0.0367,0.0051,0,0,0.2277,0.2376,0.0,nan
corridor_box,pure_pursuit,mcl,2,collision_static,False,nan,4.1,12.2756,0.25,0.0175,0.0359,0.0046,0,0,0.3716,0.244,0.0,nan
corridor_box,pure_pursuit,mcl,3,collision_static,False,nan,4.1,12.3507,0.25,0.0373,0.0647,0.0071,0,0,0.2258,0.239,0.0,nan
corridor_box,pure_pursuit,mcl,4,collision_static,False,nan,4.1,12.3463,0.25,0.056,0.1144,0.006,0,0,0.2469,0.2785,0.0,nan
corridor_box,pure_pursuit,mcl,5,collision_static,False,nan,4.1,12.3301,0.25,0.03,0.0546,0.0063,0,0,0.2197,0.232,0.0,nan
corridor_box,pure_pursuit,mcl,6,collision_static,False,nan,4.1,12.347,0.25,0.0231,0.046,0.0048,0,0,0.2198,0.2347,0.0,nan
corridor_box,pure_pursuit,mcl,7,collision_static,False,nan,4.1,12.3576,0.25,0.0431,0.0628,0.0071,0,0,0.2221,0.2338,0.0,nan
corridor_box,pure_pursuit,mcl,8,collision_static,False,nan,4.1,12.2917,0.25,0.0274,0.0501,0.0059,0,0,0.2224,0.2328,0.0,nan
corridor_box,pure_pursuit,mcl,9,collision_static,False,nan,4.1,12.3363,0.25,0.0343,0.0669,0.0061,0,0,0.2511,0.2769,0.0,nan
corridor_box,dwa,gt,0,success,True,11.2,11.2,32.7075,0.75,0.0,0.0,0.0,2,0,10.2122,12.4824,0.0268,nan
corridor_box,dwa,gt,1,success,True,10.55,10.55,32.2825,0.75,0.0,0.0,0.0,1,0,9.7535,10.365,0.0,nan
corridor_box,dwa,gt,2,success,True,11.1,11.1,33.1275,0.25,0.0,0.0,0.0,1,0,10.245,11.4281,0.009,nan
corridor_box,dwa,gt,3,success,True,11.15,11.15,32.6425,0.25,0.0,0.0,0.0,1,0,10.0801,10.4858,0.0446,nan
corridor_box,dwa,gt,4,success,True,11.05,11.05,32.2525,0.75,0.0,0.0,0.0,1,0,10.1912,10.6124,0.036,nan
corridor_box,dwa,gt,5,success,True,10.85,10.85,32.6025,0.75,0.0,0.0,0.0,2,0,10.1543,10.4892,0.0183,nan
corridor_box,dwa,gt,6,success,True,10.7,10.7,32.305,0.75,0.0,0.0,0.0,1,0,10.3636,11.6387,0.0093,nan
corridor_box,dwa,gt,7,success,True,10.55,10.55,32.4125,0.75,0.0,0.0,0.0,2,0,10.1991,10.8377,0.0283,nan
corridor_box,dwa,gt,8,success,True,10.85,10.85,32.5225,0.25,0.0,0.0,0.0,1,0,10.4132,12.6145,0.055,nan
corridor_box,dwa,gt,9,success,True,10.3,10.3,32.3775,0.75,0.0,0.0,0.0,1,0,9.771,10.1298,0.0194,nan
corridor_box,dwa,mcl,0,success,True,10.35,10.35,32.4368,0.75,0.0396,0.0823,0.0063,2,0,9.9974,10.8279,0.0288,nan
corridor_box,dwa,mcl,1,success,True,10.55,10.55,32.664,0.75,0.0374,0.0844,0.0054,1,0,9.5377,10.193,0.0,nan
corridor_box,dwa,mcl,2,success,True,10.4,10.4,32.352,0.4571,0.0295,0.0764,0.0063,1,0,10.1685,10.4367,0.0192,nan
corridor_box,dwa,mcl,3,success,True,11.1,11.1,32.8461,0.4571,0.055,0.1197,0.007,1,0,10.6481,12.3891,0.018,nan
corridor_box,dwa,mcl,4,success,True,10.7,10.7,32.7279,0.75,0.0447,0.1148,0.0066,1,0,10.3348,10.5986,0.0467,nan
corridor_box,dwa,mcl,5,success,True,11.15,11.15,32.1914,0.75,0.0295,0.065,0.0065,1,0,11.4254,13.2441,0.0179,nan
corridor_box,dwa,mcl,6,success,True,10.7,10.7,32.7426,0.75,0.0199,0.0497,0.005,1,0,10.4305,10.7271,0.0,nan
corridor_box,dwa,mcl,7,success,True,10.8,10.8,32.3812,0.75,0.0328,0.0567,0.0074,3,0,10.0932,10.4539,0.037,nan
corridor_box,dwa,mcl,8,success,True,10.15,10.15,31.8564,0.25,0.0299,0.0575,0.0079,1,0,10.4383,10.982,0.049,nan
corridor_box,dwa,mcl,9,success,True,11.5,11.5,32.9576,0.75,0.0428,0.1001,0.006,1,0,10.3871,10.6808,0.0174,nan
corridor_box,mppi,gt,0,success,True,13.3,13.3,33.2702,1.25,0.0,0.0,0.0,1,0,16.0472,18.292,0.0075,18.8534
corridor_box,mppi,gt,1,success,True,14.95,14.95,31.6004,1.25,0.0,0.0,0.0,1,0,16.0561,17.5782,0.0133,2.3046
corridor_box,mppi,gt,2,success,True,13.8,13.8,31.5785,1.25,0.0,0.0,0.0,1,0,16.4263,17.382,0.0072,2.3116
corridor_box,mppi,gt,3,success,True,13.45,13.45,32.3018,1.25,0.0,0.0,0.0,1,0,15.9794,16.9707,0.0074,21.7569
corridor_box,mppi,gt,4,success,True,14.75,14.75,31.5874,1.25,0.0,0.0,0.0,1,0,15.3692,16.1611,0.0068,2.0195
corridor_box,mppi,gt,5,success,True,15.1,15.1,31.9844,1.25,0.0,0.0,0.0,1,0,15.308,16.295,0.0199,2.2328
corridor_box,mppi,gt,6,success,True,14.4,14.4,32.3014,1.25,0.0,0.0,0.0,1,0,15.3695,15.8949,0.0,1.9948
corridor_box,mppi,gt,7,success,True,13.0,13.0,32.0274,1.25,0.0,0.0,0.0,1,0,15.9927,16.8398,0.0,25.653
corridor_box,mppi,gt,8,success,True,15.65,15.65,32.174,1.25,0.0,0.0,0.0,1,0,16.0948,16.6076,0.0127,2.3649
corridor_box,mppi,gt,9,success,True,15.25,15.25,31.5656,0.868,0.0,0.0,0.0,1,0,16.1031,16.7454,0.0131,8.5686
corridor_box,mppi,mcl,0,success,True,12.9,12.9,32.8855,1.25,0.0253,0.0591,0.0059,1,0,15.5639,16.2052,0.0,25.9773
corridor_box,mppi,mcl,1,success,True,13.25,13.25,32.1394,1.25,0.0251,0.0664,0.006,1,0,16.0357,16.5286,0.0,11.0452
corridor_box,mppi,mcl,2,success,True,13.55,13.55,32.568,1.25,0.0361,0.0583,0.0053,1,0,16.1393,17.1572,0.0,2.4352
corridor_box,mppi,mcl,3,success,True,14.6,14.6,32.4265,1.25,0.0334,0.0586,0.0071,1,0,16.2428,16.8096,0.0137,20.6599
corridor_box,mppi,mcl,4,success,True,13.2,13.2,31.5578,1.1642,0.0301,0.117,0.0062,1,0,16.0692,16.6747,0.0227,1.9927
corridor_box,mppi,mcl,5,success,True,16.05,16.05,32.7587,1.25,0.0342,0.0709,0.0068,1,0,16.1987,16.7455,0.0124,2.482
corridor_box,mppi,mcl,6,success,True,12.75,12.75,32.4867,1.25,0.0207,0.0421,0.0055,1,0,16.1561,19.3561,0.0078,2.0799
corridor_box,mppi,mcl,7,success,True,14.8,14.8,32.1294,1.25,0.0248,0.043,0.0064,1,0,16.363,17.7464,0.0135,23.1584
corridor_box,mppi,mcl,8,success,True,12.45,12.45,32.2234,1.25,0.0286,0.0458,0.0069,2,0,16.6551,18.2733,0.008,2.5644
corridor_box,mppi,mcl,9,success,True,15.0,15.0,31.8906,1.25,0.0477,0.1004,0.0067,1,0,15.5071,16.2056,0.0133,2.1669
crossing_ped,pure_pursuit,gt,0,collision_dynamic,False,nan,4.35,13.3681,0.1497,0.0,0.0,0.0,0,0,0.2698,0.2983,0.0,nan
crossing_ped,pure_pursuit,gt,1,collision_dynamic,False,nan,4.6,14.3681,0.0939,0.0,0.0,0.0,0,0,0.2258,0.242,0.0,nan
crossing_ped,pure_pursuit,gt,2,collision_dynamic,False,nan,4.1,12.3682,0.0709,0.0,0.0,0.0,0,0,0.2462,0.2433,0.0,nan
crossing_ped,pure_pursuit,gt,3,collision_dynamic,False,nan,4.3,13.1682,0.1911,0.0,0.0,0.0,0,0,0.2638,0.2866,0.0,nan
crossing_ped,pure_pursuit,gt,4,collision_dynamic,False,nan,4.25,12.9682,0.1113,0.0,0.0,0.0,0,0,0.2249,0.2436,0.0,nan
crossing_ped,pure_pursuit,gt,5,collision_dynamic,False,nan,4.35,13.3681,0.1141,0.0,0.0,0.0,0,0,0.2687,0.2878,0.0,nan
crossing_ped,pure_pursuit,gt,6,collision_dynamic,False,nan,4.4,13.5681,0.1259,0.0,0.0,0.0,0,0,0.2231,0.2399,0.0,nan
crossing_ped,pure_pursuit,gt,7,collision_dynamic,False,nan,4.15,12.5682,0.1639,0.0,0.0,0.0,0,0,0.2692,0.3123,0.0,nan
crossing_ped,pure_pursuit,gt,8,collision_dynamic,False,nan,4.45,13.7681,0.0621,0.0,0.0,0.0,0,0,0.2264,0.2487,0.0,nan
crossing_ped,pure_pursuit,gt,9,collision_dynamic,False,nan,4.75,14.968,0.0946,0.0,0.0,0.0,0,0,0.2672,0.285,0.0,nan
crossing_ped,pure_pursuit,mcl,0,collision_dynamic,False,nan,4.4,13.5591,0.1159,0.0262,0.0566,0.007,0,0,0.2307,0.2494,0.0,nan
crossing_ped,pure_pursuit,mcl,1,collision_dynamic,False,nan,4.6,14.3141,0.1074,0.0193,0.0326,0.0048,0,0,0.2278,0.2712,0.0,nan
crossing_ped,pure_pursuit,mcl,2,collision_dynamic,False,nan,4.1,12.2756,0.1866,0.018,0.0437,0.0042,0,0,0.2616,0.2846,0.0,nan
crossing_ped,pure_pursuit,mcl,3,collision_dynamic,False,nan,4.35,13.3389,0.0387,0.0364,0.0682,0.0071,0,0,0.2242,0.2419,0.0,nan
crossing_ped,pure_pursuit,mcl,4,collision_dynamic,False,nan,4.25,12.9389,0.1386,0.0608,0.1298,0.0061,0,0,0.2221,0.2441,0.0,nan
crossing_ped,pure_pursuit,mcl,5,collision_dynamic,False,nan,4.35,13.3327,0.1441,0.0265,0.0539,0.0064,0,0,0.2213,0.2637,0.0,nan
crossing_ped,pure_pursuit,mcl,6,collision_dynamic,False,nan,4.4,13.5234,0.1268,0.0265,0.0553,0.0053,0,0,0.2243,0.2397,0.0,nan
crossing_ped,pure_pursuit,mcl,7,collision_dynamic,False,nan,4.15,12.5588,0.186,0.0532,0.0723,0.0075,0,0,0.2213,0.238,0.0,nan
crossing_ped,pure_pursuit,mcl,8,collision_dynamic,False,nan,4.45,13.67,0.1408,0.0235,0.0402,0.0054,0,0,0.2298,0.2446,0.0,nan
crossing_ped,pure_pursuit,mcl,9,collision_dynamic,False,nan,4.75,14.8771,0.1153,0.0197,0.0411,0.0056,0,0,0.2361,0.2785,0.0,nan
crossing_ped,dwa,gt,0,success,True,11.05,11.05,32.9725,1.1668,0.0,0.0,0.0,1,0,10.9877,13.527,0.009,nan
crossing_ped,dwa,gt,1,success,True,12.9,12.9,38.1075,0.3742,0.0,0.0,0.0,2,0,11.1504,13.2926,0.1395,nan
crossing_ped,dwa,gt,2,success,True,10.75,10.75,32.9025,0.9752,0.0,0.0,0.0,1,0,10.8033,13.63,0.0185,nan
crossing_ped,dwa,gt,3,success,True,12.55,12.55,37.8525,1.042,0.0,0.0,0.0,2,0,11.1513,13.0497,0.0238,nan
crossing_ped,dwa,gt,4,success,True,10.95,10.95,34.3625,1.3104,0.0,0.0,0.0,2,0,11.5475,13.54,0.0182,nan
crossing_ped,dwa,gt,5,success,True,11.45,11.45,34.0325,1.1787,0.0,0.0,0.0,1,0,11.067,13.3408,0.0261,nan
crossing_ped,dwa,gt,6,success,True,12.05,12.05,37.0825,0.473,0.0,0.0,0.0,2,0,11.1601,13.1877,0.1157,nan
crossing_ped,dwa,gt,7,success,True,11.35,11.35,34.6625,0.961,0.0,0.0,0.0,2,0,10.1645,13.0322,0.0175,nan
crossing_ped,dwa,gt,8,success,True,11.15,11.15,33.6525,1.1032,0.0,0.0,0.0,1,0,11.0641,13.1601,0.0089,nan
crossing_ped,dwa,gt,9,success,True,10.75,10.75,33.0725,1.038,0.0,0.0,0.0,1,0,11.3595,13.3163,0.0278,nan
crossing_ped,dwa,mcl,0,success,True,11.4,11.4,33.8697,1.0675,0.0408,0.0709,0.0061,1,0,11.3881,13.4288,0.0263,nan
crossing_ped,dwa,mcl,1,success,True,12.7,12.7,38.5276,0.3607,0.0471,0.1004,0.0059,3,0,8.8396,11.858,0.1417,nan
crossing_ped,dwa,mcl,2,success,True,11.4,11.4,34.383,1.1606,0.0374,0.0711,0.0048,2,0,11.5739,13.586,0.0,nan
crossing_ped,dwa,mcl,3,success,True,11.55,11.55,34.8165,1.1807,0.0492,0.0946,0.007,2,0,10.4522,13.0944,0.0086,nan
crossing_ped,dwa,mcl,4,success,True,11.45,11.45,34.5904,1.0246,0.0531,0.1308,0.0065,2,0,11.096,13.3539,0.0348,nan
crossing_ped,dwa,mcl,5,success,True,11.9,11.9,34.759,1.1278,0.0335,0.0565,0.0064,2,0,11.0122,12.9913,0.0168,nan
crossing_ped,dwa,mcl,6,success,True,11.4,11.4,33.4491,1.1659,0.0268,0.0582,0.0056,1,0,9.0226,11.5791,0.0175,nan
crossing_ped,dwa,mcl,7,success,True,12.1,12.1,37.4251,0.9222,0.0577,0.0918,0.0074,3,0,11.2897,13.1861,0.0248,nan
crossing_ped,dwa,mcl,8,success,True,13.1,13.1,40.5116,0.6539,0.0412,0.0935,0.007,3,0,11.2023,13.2021,0.0687,nan
crossing_ped,dwa,mcl,9,success,True,11.25,11.25,33.7861,1.2804,0.0504,0.1201,0.0057,1,0,11.4285,13.3131,0.0088,nan
crossing_ped,mppi,gt,0,success,True,21.45,21.45,31.8882,1.4078,0.0,0.0,0.0,0,0,19.9927,34.9922,0.0093,2.774
crossing_ped,mppi,gt,1,success,True,17.75,17.75,32.0933,1.1463,0.0,0.0,0.0,1,0,19.4301,33.167,0.0169,2.7873
crossing_ped,mppi,gt,2,success,True,22.2,22.2,31.385,0.7903,0.0,0.0,0.0,0,0,17.984,21.1915,0.0676,2.6055
crossing_ped,mppi,gt,3,success,True,16.25,16.25,31.3367,0.9043,0.0,0.0,0.0,0,0,19.9945,34.6453,0.0798,28.4416
crossing_ped,mppi,gt,4,success,True,17.15,17.15,31.873,1.3694,0.0,0.0,0.0,0,0,20.4586,34.6856,0.0233,2.3237
crossing_ped,mppi,gt,5,success,True,39.1,39.1,31.9424,0.8078,0.0,0.0,0.0,1,0,18.0901,24.7401,0.0409,44.321
crossing_ped,mppi,gt,6,success,True,17.6,17.6,32.0001,1.1695,0.0,0.0,0.0,0,0,20.2169,34.0373,0.0057,16.9979
crossing_ped,mppi,gt,7,success,True,21.6,21.6,32.7832,0.8806,0.0,0.0,0.0,1,0,18.5751,29.8738,0.0417,19.8504
crossing_ped,mppi,gt,8,success,True,19.0,19.0,31.5856,1.5743,0.0,0.0,0.0,0,0,16.837,24.9483,0.0211,18.2698
crossing_ped,mppi,gt,9,success,True,17.3,17.3,31.6721,0.5864,0.0,0.0,0.0,0,0,19.786,38.0671,0.0867,12.3087
crossing_ped,mppi,mcl,0,collision_dynamic,False,nan,5.75,12.0527,0.1788,0.0176,0.0392,0.0061,0,0,16.3603,20.0566,0.1207,85.4757
crossing_ped,mppi,mcl,1,timeout,False,nan,45.0,21.1846,1.6909,0.02,0.0534,0.0076,2,1,20.2185,35.9352,0.0137,51.8996
crossing_ped,mppi,mcl,2,success,True,33.1,33.1,33.4134,1.1128,0.0202,0.0554,0.0059,0,0,20.618,35.7145,0.0,51.0015
crossing_ped,mppi,mcl,3,success,True,15.3,15.3,31.6801,1.3427,0.0251,0.0588,0.0064,0,0,20.8993,39.2096,0.0131,25.8151
crossing_ped,mppi,mcl,4,success,True,17.2,17.2,31.4397,1.4014,0.0284,0.13,0.0068,0,0,19.3908,35.5153,0.0174,2.2636
crossing_ped,mppi,mcl,5,success,True,17.8,17.8,31.9831,1.9326,0.0334,0.0872,0.0058,1,0,21.19,35.2951,0.0169,3.74
crossing_ped,mppi,mcl,6,success,True,16.1,16.1,31.9682,1.0965,0.0183,0.048,0.0062,0,0,25.0882,43.5557,0.0248,2.3459
crossing_ped,mppi,mcl,7,success,True,16.2,16.2,31.1033,1.0301,0.0267,0.0489,0.0062,0,0,18.6606,22.4893,0.0617,28.7967
crossing_ped,mppi,mcl,8,success,True,18.95,18.95,31.3059,0.9653,0.0203,0.0404,0.0063,0,0,18.764,33.8162,0.0579,2.2503
crossing_ped,mppi,mcl,9,success,True,13.4,13.4,32.8471,0.7292,0.047,0.1094,0.0059,0,0,22.6545,44.1461,0.0597,2.2005
patrol,pure_pursuit,gt,0,success,True,10.05,10.05,32.0524,0.7416,0.0,0.0,0.0,0,0,0.3248,0.27,0.0,nan
patrol,pure_pursuit,gt,1,success,True,10.05,10.05,32.0524,1.8118,0.0,0.0,0.0,0,0,0.3513,0.2598,0.0,nan
patrol,pure_pursuit,gt,2,collision_dynamic,False,nan,2.7,6.7673,0.101,0.0,0.0,0.0,0,0,0.2236,0.2423,0.0,nan
patrol,pure_pursuit,gt,3,collision_dynamic,False,nan,5.8,19.1679,0.1851,0.0,0.0,0.0,0,0,0.2958,0.2806,0.0,nan
patrol,pure_pursuit,gt,4,success,True,10.05,10.05,32.0524,2.25,0.0,0.0,0.0,0,0,0.2459,0.264,0.0,nan
patrol,pure_pursuit,gt,5,success,True,10.05,10.05,32.0524,2.25,0.0,0.0,0.0,0,0,0.2714,0.2669,0.0,nan
patrol,pure_pursuit,gt,6,success,True,10.05,10.05,32.0524,2.0267,0.0,0.0,0.0,0,0,0.2405,0.2643,0.0,nan
patrol,pure_pursuit,gt,7,success,True,10.05,10.05,32.0524,2.25,0.0,0.0,0.0,0,0,0.2605,0.2672,0.0,nan
patrol,pure_pursuit,gt,8,collision_dynamic,False,nan,2.5,5.9651,0.0849,0.0,0.0,0.0,0,0,0.2324,0.2511,0.0,nan
patrol,pure_pursuit,gt,9,success,True,10.05,10.05,32.0524,1.0406,0.0,0.0,0.0,0,0,0.2452,0.2698,0.0,nan
patrol,pure_pursuit,mcl,0,success,True,10.05,10.05,32.0415,0.7257,0.0379,0.0836,0.0064,0,0,0.2536,0.2966,0.0,nan
patrol,pure_pursuit,mcl,1,success,True,10.05,10.05,32.0561,1.8023,0.0281,0.0725,0.0055,0,0,0.269,0.2761,0.0,nan
patrol,pure_pursuit,mcl,2,collision_dynamic,False,nan,2.65,6.5402,0.1403,0.0204,0.0437,0.0043,0,0,0.2486,0.2957,0.0,nan
patrol,pure_pursuit,mcl,3,success,True,10.05,10.05,32.0455,0.2056,0.0488,0.1063,0.007,0,0,0.3905,0.28,0.0,nan
patrol,pure_pursuit,mcl,4,success,True,10.1,10.1,32.0717,2.25,0.0486,0.1298,0.0065,0,0,0.3382,0.2912,0.0,nan
patrol,pure_pursuit,mcl,5,success,True,10.1,10.1,32.0456,2.25,0.0268,0.0624,0.0061,0,0,0.2691,0.2686,0.0,nan
patrol,pure_pursuit,mcl,6,success,True,10.15,10.15,32.0605,2.02,0.0218,0.0551,0.006,0,0,0.2422,0.2656,0.0,nan
patrol,pure_pursuit,mcl,7,success,True,10.05,10.05,32.0478,2.25,0.0404,0.0714,0.0073,0,0,0.2556,0.2583,0.0,nan
patrol,pure_pursuit,mcl,8,collision_dynamic,False,nan,2.5,5.9698,0.0815,0.0227,0.0363,0.0058,0,0,0.2373,0.2546,0.0,nan
patrol,pure_pursuit,mcl,9,success,True,10.15,10.15,32.0256,1.0685,0.0473,0.12,0.0062,0,0,0.2366,0.2742,0.0,nan
patrol,dwa,gt,0,success,True,24.85,24.85,74.2125,0.6769,0.0,0.0,0.0,6,0,14.2549,27.2283,0.008,nan
patrol,dwa,gt,1,success,True,26.3,26.3,73.1475,1.2224,0.0,0.0,0.0,8,0,11.1854,14.2686,0.0076,nan
patrol,dwa,gt,2,success,True,11.15,11.15,33.8625,0.9418,0.0,0.0,0.0,2,0,14.0934,26.9358,0.0268,nan
patrol,dwa,gt,3,success,True,21.75,21.75,68.7825,0.923,0.0,0.0,0.0,6,0,11.884,16.1186,0.0138,nan
patrol,dwa,gt,4,success,True,23.9,23.9,69.3375,0.6927,0.0,0.0,0.0,5,0,12.7237,22.3218,0.0209,nan
patrol,dwa,gt,5,success,True,24.7,24.7,76.5775,1.9784,0.0,0.0,0.0,5,0,13.0514,23.0908,0.0243,nan
patrol,dwa,gt,6,success,True,24.4,24.4,76.935,0.9493,0.0,0.0,0.0,8,0,12.9172,25.0706,0.0164,nan
patrol,dwa,gt,7,success,True,24.65,24.65,74.9125,1.4758,0.0,0.0,0.0,5,0,12.5404,19.0892,0.0,nan
patrol,dwa,gt,8,success,True,11.35,11.35,33.7725,1.1376,0.0,0.0,0.0,2,0,14.2266,25.7054,0.0175,nan
patrol,dwa,gt,9,success,True,25.8,25.8,71.7275,0.7867,0.0,0.0,0.0,6,0,12.9881,22.3479,0.0194,nan
patrol,dwa,mcl,0,success,True,23.4,23.4,70.9592,0.7687,0.048,0.0976,0.0078,6,0,12.7544,19.549,0.0085,nan
patrol,dwa,mcl,1,success,True,26.45,26.45,72.1914,1.0704,0.0406,0.0874,0.0072,8,0,12.1779,14.1735,0.0113,nan
patrol,dwa,mcl,2,success,True,11.3,11.3,33.7913,1.1827,0.0336,0.0759,0.0056,1,0,13.0399,19.1154,0.0088,nan
patrol,dwa,mcl,3,success,True,12.35,12.35,34.7043,0.6379,0.0356,0.0888,0.0067,2,0,12.9463,22.6284,0.0081,nan
patrol,dwa,mcl,4,success,True,38.45,38.45,84.5537,1.25,0.0597,0.1308,0.0085,7,0,11.6628,13.9943,0.0078,nan
patrol,dwa,mcl,5,success,True,25.1,25.1,69.5321,1.2535,0.0447,0.1015,0.0062,5,0,11.6422,13.9911,0.012,nan
patrol,dwa,mcl,6,success,True,24.05,24.05,69.6301,0.8687,0.042,0.106,0.0075,7,0,12.7067,21.9636,0.0041,nan
patrol,dwa,mcl,7,success,True,23.55,23.55,69.9162,1.2256,0.0572,0.113,0.0064,5,0,12.5543,18.7868,0.0127,nan
patrol,dwa,mcl,8,success,True,12.4,12.4,35.9167,0.7007,0.0308,0.0649,0.006,2,0,14.9587,28.0763,0.0081,nan
patrol,dwa,mcl,9,success,True,24.95,24.95,71.7046,0.9836,0.0504,0.119,0.0069,6,0,12.7361,22.2454,0.012,nan
patrol,mppi,gt,0,success,True,13.55,13.55,31.9713,2.75,0.0,0.0,0.0,1,0,19.5289,24.4454,0.0074,2.2673
patrol,mppi,gt,1,success,True,18.55,18.55,32.2081,2.078,0.0,0.0,0.0,2,0,21.0231,38.1519,0.0108,2.5861
patrol,mppi,gt,2,success,True,16.05,16.05,31.1265,1.5299,0.0,0.0,0.0,0,0,20.2095,21.8744,0.0,2.4125
patrol,mppi,gt,3,success,True,12.15,12.15,32.6036,0.8377,0.0,0.0,0.0,1,0,20.1169,24.3442,0.0082,26.7553
patrol,mppi,gt,4,success,True,13.35,13.35,31.0386,2.1492,0.0,0.0,0.0,0,0,17.7666,20.0602,0.0075,2.1364
patrol,mppi,gt,5,success,True,15.2,15.2,31.7694,1.3459,0.0,0.0,0.0,0,0,19.4352,30.427,0.0132,10.2936
patrol,mppi,gt,6,success,True,13.0,13.0,31.8259,3.25,0.0,0.0,0.0,2,0,18.4338,20.7697,0.0077,2.4206
patrol,mppi,gt,7,success,True,13.35,13.35,31.3356,1.5223,0.0,0.0,0.0,1,0,18.0544,19.9636,0.0075,28.9817
patrol,mppi,gt,8,timeout,False,nan,45.0,22.3322,1.4013,0.0,0.0,0.0,4,2,20.2197,22.6055,0.0047,41.318
patrol,mppi,gt,9,success,True,13.6,13.6,32.1624,2.6351,0.0,0.0,0.0,2,0,19.6839,36.2915,0.0147,13.8986
patrol,mppi,mcl,0,success,True,12.6,12.6,32.7647,2.25,0.0261,0.0688,0.0059,1,0,20.2009,29.8974,0.0,36.1968
patrol,mppi,mcl,1,success,True,16.6,16.6,32.3095,1.4003,0.0255,0.0597,0.0065,1,0,19.8828,22.6018,0.0241,19.1233
patrol,mppi,mcl,2,success,True,15.3,15.3,31.675,1.7454,0.0253,0.046,0.0055,0,0,20.9207,39.1393,0.0,2.4053
patrol,mppi,mcl,3,success,True,19.25,19.25,31.1061,0.817,0.0166,0.0383,0.007,0,0,19.9839,31.1631,0.1606,20.371
patrol,mppi,mcl,4,success,True,12.75,12.75,31.3945,2.6848,0.0309,0.13,0.0065,0,0,18.5922,21.5459,0.0078,2.0948
patrol,mppi,mcl,5,success,True,13.85,13.85,31.1407,1.7776,0.0306,0.0588,0.006,0,0,20.0907,34.5501,0.0144,2.5
patrol,mppi,mcl,6,success,True,14.45,14.45,32.824,2.25,0.0181,0.0434,0.0061,2,0,20.1514,25.6129,0.0069,2.4252
patrol,mppi,mcl,7,success,True,12.5,12.5,31.1911,1.2249,0.0293,0.0489,0.0066,0,0,18.2405,20.0468,0.008,33.9033
patrol,mppi,mcl,8,success,True,17.4,17.4,31.5536,1.3092,0.0206,0.0482,0.0063,0,0,19.5016,24.5575,0.0172,2.306
patrol,mppi,mcl,9,success,True,12.95,12.95,32.9158,2.25,0.0452,0.0922,0.0059,1,0,18.9988,28.7896,0.0,2.3855
crowd,pure_pursuit,gt,0,collision_dynamic,False,nan,2.25,4.974,0.0223,0.0,0.0,0.0,0,0,0.2301,0.2606,0.0,nan
crowd,pure_pursuit,gt,1,collision_dynamic,False,nan,9.85,31.8999,0.0791,0.0,0.0,0.0,0,0,0.2083,0.2432,0.0,nan
crowd,pure_pursuit,gt,2,collision_dynamic,False,nan,3.3,9.1685,0.1383,0.0,0.0,0.0,0,0,0.2434,0.2539,0.0,nan
crowd,pure_pursuit,gt,3,collision_dynamic,False,nan,3.75,10.9685,0.1338,0.0,0.0,0.0,0,0,0.4205,0.4281,0.0,nan
crowd,pure_pursuit,gt,4,success,True,10.05,10.05,32.0524,0.5889,0.0,0.0,0.0,0,0,0.2772,0.5264,0.0,nan
crowd,pure_pursuit,gt,5,success,True,10.05,10.05,32.0524,2.0938,0.0,0.0,0.0,0,0,0.272,0.2363,0.0,nan
crowd,pure_pursuit,gt,6,success,True,10.05,10.05,32.0524,2.25,0.0,0.0,0.0,0,0,0.2201,0.2446,0.0,nan
crowd,pure_pursuit,gt,7,success,True,10.05,10.05,32.0524,2.25,0.0,0.0,0.0,0,0,0.2295,0.2476,0.0,nan
crowd,pure_pursuit,gt,8,success,True,10.05,10.05,32.0524,0.5266,0.0,0.0,0.0,0,0,0.2436,0.2654,0.0,nan
crowd,pure_pursuit,gt,9,success,True,10.05,10.05,32.0524,2.25,0.0,0.0,0.0,0,0,0.2255,0.2444,0.0,nan
crowd,pure_pursuit,mcl,0,collision_dynamic,False,nan,2.25,4.9574,0.0412,0.0248,0.049,0.007,0,0,0.2256,0.2429,0.0,nan
crowd,pure_pursuit,mcl,1,collision_dynamic,False,nan,9.85,31.8757,0.1051,0.0404,0.0937,0.0058,0,0,0.2269,0.2427,0.0,nan
crowd,pure_pursuit,mcl,2,collision_dynamic,False,nan,3.3,9.113,0.1495,0.0195,0.0478,0.0042,0,0,0.2378,0.2963,0.0,nan
crowd,pure_pursuit,mcl,3,collision_dynamic,False,nan,3.75,10.9724,0.1352,0.0262,0.0612,0.0073,0,0,0.2268,0.2446,0.0,nan
crowd,pure_pursuit,mcl,4,success,True,10.05,10.05,31.9877,0.5978,0.0522,0.1298,0.0066,0,0,0.2278,0.2443,0.0,nan
crowd,pure_pursuit,mcl,5,success,True,10.05,10.05,31.9763,2.121,0.0395,0.092,0.0072,0,0,0.236,0.2491,0.0,nan
crowd,pure_pursuit,mcl,6,success,True,10.15,10.15,32.0666,2.25,0.0201,0.0553,0.0058,0,0,0.2348,0.2519,0.0,nan
crowd,pure_pursuit,mcl,7,success,True,10.05,10.05,32.0499,2.25,0.0445,0.072,0.0063,0,0,0.2288,0.2448,0.0,nan
crowd,pure_pursuit,mcl,8,success,True,10.1,10.1,32.0783,0.4839,0.0196,0.0401,0.0066,0,0,0.2275,0.2648,0.0,nan
crowd,pure_pursuit,mcl,9,success,True,10.15,10.15,32.0168,2.25,0.0596,0.1172,0.0068,0,0,0.2276,0.243,0.0,nan
crowd,dwa,gt,0,success,True,11.7,11.7,35.595,1.0475,0.0,0.0,0.0,3,0,11.6847,13.4499,0.0171,nan
crowd,dwa,gt,1,success,True,24.3,24.3,74.8275,1.75,0.0,0.0,0.0,8,0,12.0223,13.4086,0.0082,nan
crowd,dwa,gt,2,success,True,11.05,11.05,32.9625,0.4848,0.0,0.0,0.0,0,0,11.9705,13.5954,0.0901,nan
crowd,dwa,gt,3,collision_dynamic,False,nan,35.3,77.525,0.1552,0.0,0.0,0.0,6,0,11.5936,13.3389,0.0425,nan
crowd,dwa,gt,4,collision_static,False,nan,22.95,62.0075,0.3134,0.0,0.0,0.0,7,0,11.9424,13.2061,0.2261,nan
crowd,dwa,gt,5,success,True,24.6,24.6,77.595,1.25,0.0,0.0,0.0,7,0,12.2165,13.9417,0.0203,nan
crowd,dwa,gt,6,success,True,37.05,37.05,103.3525,0.5817,0.0,0.0,0.0,9,0,12.4186,13.6148,0.0081,nan
crowd,dwa,gt,7,success,True,24.05,24.05,68.8725,1.1367,0.0,0.0,0.0,5,0,11.8905,13.2458,0.0,nan
crowd,dwa,gt,8,success,True,12.15,12.15,35.8725,0.8885,0.0,0.0,0.0,3,0,12.1603,13.6549,0.0164,nan
crowd,dwa,gt,9,success,True,22.05,22.05,70.0825,0.7399,0.0,0.0,0.0,5,0,10.9351,12.6122,0.0181,nan
crowd,dwa,mcl,0,success,True,11.6,11.6,34.4818,1.0745,0.0401,0.0813,0.0061,1,0,12.1336,13.6542,0.0172,nan
crowd,dwa,mcl,1,success,True,24.35,24.35,74.4398,1.75,0.0471,0.0979,0.0067,8,0,11.9434,13.2769,0.0082,nan
crowd,dwa,mcl,2,success,True,26.0,26.0,74.4753,0.4881,0.0652,0.1548,0.0079,5,0,11.0092,13.4154,0.0423,nan
crowd,dwa,mcl,3,success,True,27.6,27.6,73.0876,1.0018,0.0657,0.1381,0.0075,5,0,11.4076,13.3841,0.0109,nan
crowd,dwa,mcl,4,success,True,30.9,30.9,99.9457,1.25,0.0778,0.2154,0.0085,11,0,11.6064,13.3351,0.0129,nan
crowd,dwa,mcl,5,success,True,25.7,25.7,76.1668,1.75,0.0641,0.1304,0.008,7,0,12.1897,13.4839,0.0272,nan
crowd,dwa,mcl,6,success,True,28.15,28.15,75.6111,0.3805,0.0707,0.1557,0.0103,7,0,12.3581,13.3558,0.0213,nan
crowd,dwa,mcl,7,success,True,23.3,23.3,68.5605,1.25,0.0557,0.1211,0.0072,5,0,11.3179,12.824,0.0,nan
crowd,dwa,mcl,8,success,True,24.6,24.6,69.0567,0.6854,0.0568,0.1171,0.0059,7,0,12.102,13.3744,0.0203,nan
crowd,dwa,mcl,9,success,True,22.2,22.2,69.9036,0.797,0.0716,0.1565,0.0072,5,0,11.7841,13.351,0.018,nan
crowd,mppi,gt,0,success,True,17.05,17.05,32.1236,2.186,0.0,0.0,0.0,1,0,19.4951,20.7219,0.0058,2.401
crowd,mppi,gt,1,collision_dynamic,False,nan,13.0,28.3375,0.1058,0.0,0.0,0.0,1,0,19.2741,21.5644,0.2231,2.7024
crowd,mppi,gt,2,success,True,20.6,20.6,31.468,0.9562,0.0,0.0,0.0,1,0,18.9708,20.7929,0.0874,2.5441
crowd,mppi,gt,3,success,True,14.6,14.6,32.4281,2.5522,0.0,0.0,0.0,2,0,18.9615,21.1876,0.0068,21.4776
crowd,mppi,gt,4,success,True,12.3,12.3,31.0819,1.7811,0.0,0.0,0.0,1,0,18.9449,20.5374,0.0081,2.4583
crowd,mppi,gt,5,collision_dynamic,False,nan,6.9,10.232,0.1685,0.0,0.0,0.0,0,0,16.5339,20.7307,0.1739,23.0579
crowd,mppi,gt,6,success,True,12.65,12.65,31.9659,2.75,0.0,0.0,0.0,0,0,18.1421,20.6016,0.0079,2.6303
crowd,mppi,gt,7,success,True,14.0,14.0,31.8187,1.1211,0.0,0.0,0.0,0,0,19.0257,21.4004,0.0071,28.4898
crowd,mppi,gt,8,success,True,13.45,13.45,33.4287,1.4291,0.0,0.0,0.0,3,0,18.9722,20.8872,0.0148,2.6694
crowd,mppi,gt,9,success,True,12.7,12.7,32.138,2.25,0.0,0.0,0.0,0,0,18.402,21.1226,0.0,14.8211
crowd,mppi,mcl,0,success,True,14.5,14.5,31.6632,2.0068,0.022,0.0562,0.0063,0,0,19.8967,21.0342,0.0,15.9903
crowd,mppi,mcl,1,collision_dynamic,False,nan,9.35,7.4879,0.1373,0.0174,0.0301,0.006,0,0,19.8143,21.7098,0.3085,2.7616
crowd,mppi,mcl,2,success,True,27.9,27.9,32.8074,0.2034,0.0264,0.069,0.0068,1,0,18.1989,19.9399,0.1004,2.0909
crowd,mppi,mcl,3,success,True,16.3,16.3,32.5242,2.75,0.0252,0.0528,0.0071,2,0,19.1292,21.0358,0.0061,17.7398
crowd,mppi,mcl,4,success,True,13.15,13.15,31.054,2.1882,0.0428,0.13,0.0072,1,0,19.7976,21.3967,0.0076,2.1325
crowd,mppi,mcl,5,success,True,22.25,22.25,32.1483,1.4987,0.0197,0.0462,0.0057,1,0,19.1513,20.9854,0.0538,3.6275
crowd,mppi,mcl,6,success,True,12.25,12.25,31.0916,3.25,0.019,0.0409,0.0062,0,0,17.9908,20.4528,0.0,2.2248
crowd,mppi,mcl,7,success,True,13.55,13.55,32.4267,1.1891,0.0343,0.0489,0.0073,0,0,17.9492,20.5274,0.0074,32.4061
crowd,mppi,mcl,8,success,True,16.3,16.3,33.6253,1.7865,0.0262,0.0494,0.0061,3,0,18.1886,21.043,0.0184,2.3658
crowd,mppi,mcl,9,success,True,12.6,12.6,32.624,1.75,0.0485,0.1169,0.0065,0,0,17.6828,20.2795,0.0,2.387
hidden_wall,pure_pursuit,gt,0,collision_static,False,nan,4.1,12.3682,0.25,0.0,0.0,0.0,0,0,0.231,0.2454,0.0,nan
hidden_wall,pure_pursuit,gt,1,collision_static,False,nan,4.1,12.3682,0.25,0.0,0.0,0.0,0,0,0.2229,0.2435,0.0,nan
hidden_wall,pure_pursuit,gt,2,collision_static,False,nan,4.1,12.3682,0.25,0.0,0.0,0.0,0,0,0.2337,0.2474,0.0,nan
hidden_wall,pure_pursuit,gt,3,collision_static,False,nan,4.1,12.3682,0.25,0.0,0.0,0.0,0,0,0.2342,0.2615,0.0,nan
hidden_wall,pure_pursuit,gt,4,collision_static,False,nan,4.1,12.3682,0.25,0.0,0.0,0.0,0,0,0.2235,0.2379,0.0,nan
hidden_wall,pure_pursuit,gt,5,collision_static,False,nan,4.1,12.3682,0.25,0.0,0.0,0.0,0,0,0.2221,0.243,0.0,nan
hidden_wall,pure_pursuit,gt,6,collision_static,False,nan,4.1,12.3682,0.25,0.0,0.0,0.0,0,0,0.2317,0.2502,0.0,nan
hidden_wall,pure_pursuit,gt,7,collision_static,False,nan,4.1,12.3682,0.25,0.0,0.0,0.0,0,0,0.2233,0.2429,0.0,nan
hidden_wall,pure_pursuit,gt,8,collision_static,False,nan,4.1,12.3682,0.25,0.0,0.0,0.0,0,0,0.2311,0.2534,0.0,nan
hidden_wall,pure_pursuit,gt,9,collision_static,False,nan,4.1,12.3682,0.25,0.0,0.0,0.0,0,0,0.2249,0.2376,0.0,nan
hidden_wall,pure_pursuit,mcl,0,collision_static,False,nan,4.1,12.3594,0.25,0.0271,0.0566,0.0073,0,0,0.2248,0.2402,0.0,nan
hidden_wall,pure_pursuit,mcl,1,collision_static,False,nan,4.1,12.3287,0.25,0.0188,0.0307,0.0048,0,0,0.2309,0.247,0.0,nan
hidden_wall,pure_pursuit,mcl,2,collision_static,False,nan,4.1,12.2756,0.25,0.0181,0.0437,0.0043,0,0,0.2253,0.2408,0.0,nan
hidden_wall,pure_pursuit,mcl,3,collision_static,False,nan,4.1,12.3507,0.25,0.0338,0.0662,0.0075,0,0,0.2294,0.2418,0.0,nan
hidden_wall,pure_pursuit,mcl,4,collision_static,False,nan,4.1,12.3463,0.25,0.0594,0.1298,0.0063,0,0,0.2259,0.2371,0.0,nan
hidden_wall,pure_pursuit,mcl,5,collision_static,False,nan,4.1,12.3301,0.25,0.0273,0.0539,0.0069,0,0,0.2302,0.2449,0.0,nan
hidden_wall,pure_pursuit,mcl,6,collision_static,False,nan,4.1,12.347,0.25,0.0269,0.0553,0.0055,0,0,0.2247,0.2391,0.0,nan
hidden_wall,pure_pursuit,mcl,7,collision_static,False,nan,4.1,12.3576,0.25,0.0536,0.0723,0.0079,0,0,0.2246,0.2405,0.0,nan
hidden_wall,pure_pursuit,mcl,8,collision_static,False,nan,4.1,12.2917,0.25,0.0241,0.0408,0.0056,0,0,0.2265,0.2434,0.0,nan
hidden_wall,pure_pursuit,mcl,9,collision_static,False,nan,4.1,12.3363,0.25,0.0188,0.0339,0.0058,0,0,0.2263,0.2394,0.0,nan
hidden_wall,dwa,gt,0,success,True,14.15,14.15,37.7625,0.4571,0.0,0.0,0.0,2,0,10.9247,12.238,0.0141,nan
hidden_wall,dwa,gt,1,success,True,12.55,12.55,37.8425,0.25,0.0,0.0,0.0,3,0,10.6711,11.3754,0.1032,nan
hidden_wall,dwa,gt,2,success,True,12.05,12.05,36.5125,0.4571,0.0,0.0,0.0,2,0,10.5173,10.9225,0.0083,nan
hidden_wall,dwa,gt,3,success,True,11.55,11.55,35.6925,0.4571,0.0,0.0,0.0,2,0,10.6998,11.1215,0.0,nan
hidden_wall,dwa,gt,4,success,True,16.85,16.85,38.3325,0.4571,0.0,0.0,0.0,2,0,10.4875,11.5441,0.0237,nan
hidden_wall,dwa,gt,5,success,True,12.95,12.95,37.7225,0.25,0.0,0.0,0.0,3,0,9.7782,10.6039,0.0846,nan
hidden_wall,dwa,gt,6,success,True,14.05,14.05,37.1625,0.4571,0.0,0.0,0.0,2,0,10.5939,11.3992,0.0284,nan
hidden_wall,dwa,gt,7,stuck,False,nan,29.7,19.2004,0.25,0.0,0.0,0.0,5,3,10.3526,11.0955,0.0159,nan
hidden_wall,dwa,gt,8,success,True,11.85,11.85,36.4725,0.25,0.0,0.0,0.0,2,0,10.6314,11.1397,0.0588,nan
hidden_wall,dwa,gt,9,success,True,16.75,16.75,37.8225,0.4571,0.0,0.0,0.0,2,0,10.3686,11.0846,0.0238,nan
hidden_wall,dwa,mcl,0,success,True,14.6,14.6,37.8195,0.4571,0.0276,0.0521,0.0072,2,0,10.3781,10.9964,0.0068,nan
hidden_wall,dwa,mcl,1,success,True,13.65,13.65,37.6645,0.4571,0.0336,0.0698,0.0066,2,0,10.5022,11.0713,0.0292,nan
hidden_wall,dwa,mcl,2,success,True,11.8,11.8,36.3381,0.4571,0.0348,0.0659,0.006,2,0,10.6929,11.1231,0.0339,nan
hidden_wall,dwa,mcl,3,success,True,11.55,11.55,35.493,0.4571,0.0494,0.1135,0.0069,2,0,10.8452,11.8084,0.0,nan
hidden_wall,dwa,mcl,4,success,True,16.1,16.1,38.4264,0.4571,0.0414,0.1308,0.0073,2,0,10.4484,11.0499,0.0124,nan
hidden_wall,dwa,mcl,5,success,True,13.0,13.0,37.7566,0.25,0.0273,0.0566,0.0069,3,0,10.3572,10.8948,0.0846,nan
hidden_wall,dwa,mcl,6,success,True,14.1,14.1,37.5393,0.4571,0.0302,0.0611,0.0061,2,0,10.7918,12.3333,0.0284,nan
hidden_wall,dwa,mcl,7,success,True,13.5,13.5,37.7899,0.25,0.0482,0.0849,0.0081,3,0,10.4669,11.0514,0.0741,nan
hidden_wall,dwa,mcl,8,success,True,11.95,11.95,36.4333,0.4571,0.0292,0.056,0.007,2,0,10.6459,11.2126,0.025,nan
hidden_wall,dwa,mcl,9,stuck,False,nan,32.1,18.3736,0.4571,0.0218,0.0562,0.0104,6,3,10.4991,11.0009,0.0067,nan
hidden_wall,mppi,gt,0,success,True,17.35,17.35,37.4184,1.25,0.0,0.0,0.0,2,0,16.16,16.7835,0.0115,2.2501
hidden_wall,mppi,gt,1,success,True,15.5,15.5,37.276,1.3311,0.0,0.0,0.0,2,0,16.7724,17.4486,0.0065,14.2459
hidden_wall,mppi,gt,2,success,True,17.05,17.05,35.9029,1.25,0.0,0.0,0.0,2,0,16.7154,17.0397,0.0058,2.2715
hidden_wall,mppi,gt,3,success,True,16.05,16.05,34.9515,1.3311,0.0,0.0,0.0,2,0,16.3367,17.0331,0.0062,2.7583
hidden_wall,mppi,gt,4,success,True,18.35,18.35,37.5873,1.1642,0.0,0.0,0.0,2,0,14.9006,15.5065,0.0217,2.0465
hidden_wall,mppi,gt,5,timeout,False,nan,45.0,13.9042,1.25,0.0,0.0,0.0,3,1,13.9336,17.7384,0.0135,10.8338
hidden_wall,mppi,gt,6,success,True,15.65,15.65,35.9091,1.25,0.0,0.0,0.0,2,0,16.8882,17.3913,0.0,6.7372
hidden_wall,mppi,gt,7,success,True,15.8,15.8,36.3759,0.75,0.0,0.0,0.0,1,0,15.8501,16.9396,0.0127,3.5871
hidden_wall,mppi,gt,8,success,True,20.4,20.4,36.3198,1.5528,0.0,0.0,0.0,2,0,16.1684,17.6769,0.0245,8.8414
hidden_wall,mppi,gt,9,success,True,15.75,15.75,37.2043,1.25,0.0,0.0,0.0,2,0,16.8386,18.0443,0.0127,2.3581
hidden_wall,mppi,mcl,0,success,True,16.5,16.5,37.001,1.25,0.0224,0.0622,0.0069,1,0,16.5029,17.139,0.0121,2.6586
hidden_wall,mppi,mcl,1,success,True,15.55,15.55,36.3697,1.3311,0.0285,0.0596,0.0065,2,0,16.4635,17.7153,0.0064,2.6687
hidden_wall,mppi,mcl,2,success,True,15.05,15.05,35.2424,1.3311,0.0336,0.0601,0.0062,3,0,16.8344,17.6699,0.0,19.2453
hidden_wall,mppi,mcl,3,success,True,13.9,13.9,34.557,1.25,0.0229,0.0493,0.0076,2,0,13.947,17.3994,0.0,34.0398
hidden_wall,mppi,mcl,4,success,True,16.85,16.85,37.8394,1.3311,0.0296,0.13,0.0081,2,0,14.6076,16.98,0.0178,2.2793
hidden_wall,mppi,mcl,5,success,True,18.9,18.9,36.8546,1.25,0.0382,0.1094,0.0063,2,0,12.609,16.8207,0.0159,2.825
hidden_wall,mppi,mcl,6,success,True,15.45,15.45,36.3573,1.75,0.0251,0.0478,0.0062,2,0,12.3042,16.8327,0.0,3.0254
hidden_wall,mppi,mcl,7,success,True,18.45,18.45,36.6406,1.25,0.0298,0.0534,0.0074,1,0,13.8949,16.9185,0.0108,2.8534
hidden_wall,mppi,mcl,8,success,True,14.4,14.4,35.5136,1.9861,0.0255,0.0498,0.0063,2,0,11.366,15.3589,0.0208,2.5178
hidden_wall,mppi,mcl,9,success,True,17.1,17.1,37.8009,1.5528,0.0267,0.0583,0.0071,2,0,12.1246,16.9774,0.0058,16.0731
