scenario,planner,pose_source,n,success_rate,success_ci_lo,success_ci_hi,success,collision_static,collision_dynamic,timeout,stuck,time_to_goal_s,path_length_m,min_clearance_m,loc_rmse_m,n_replans,plan_ms_mean
corridor_box,pure_pursuit,gt,10,0.0,0.0,0.2775,0,10,0,0,0,nan,nan,0.25,0.0,0.0,0.2364
corridor_box,pure_pursuit,mcl,10,0.0,0.0,0.2775,0,10,0,0,0,nan,nan,0.25,0.0329,0.0,0.2492
corridor_box,dwa,gt,10,1.0,0.7225,1.0,10,0,0,0,0,10.83,32.5233,0.6,0.0,1.3,10.1383
corridor_box,dwa,mcl,10,1.0,0.7225,1.0,10,0,0,0,0,10.74,32.5156,0.6414,0.0361,1.3,10.3461
corridor_box,mppi,gt,10,1.0,0.7225,1.0,10,0,0,0,0,14.365,32.0391,1.2118,0.0,1.0,15.8746
corridor_box,mppi,mcl,10,1.0,0.7225,1.0,10,0,0,0,0,13.855,32.3066,1.2414,0.0306,1.1,16.0931
crossing_ped,pure_pursuit,gt,10,0.0,0.0,0.2775,0,0,10,0,0,nan,nan,0.1177,0.0,0.0,0.2485
crossing_ped,pure_pursuit,mcl,10,0.0,0.0,0.2775,0,0,10,0,0,nan,nan,0.13,0.031,0.0,0.2299
crossing_ped,dwa,gt,10,1.0,0.7225,1.0,10,0,0,0,0,11.495,34.87,0.9623,0.0,1.5,11.0455
crossing_ped,dwa,mcl,10,1.0,0.7225,1.0,10,0,0,0,0,11.825,35.6118,0.9944,0.0437,2.0,10.7305
crossing_ped,mppi,gt,10,1.0,0.7225,1.0,10,0,0,0,0,20.94,31.856,1.0637,0.0,0.3,19.1365
crossing_ped,mppi,mcl,10,0.8,0.4902,0.9433,8,0,1,1,0,18.5063,31.9676,1.148,0.0257,0.3,20.3844
patrol,pure_pursuit,gt,10,0.7,0.3968,0.8922,7,0,3,0,0,10.05,32.0524,1.2742,0.0,0.0,0.2691
patrol,pure_pursuit,mcl,10,0.8,0.4902,0.9433,8,0,2,0,0,10.0875,32.0493,1.2794,0.0343,0.0,0.2741
patrol,dwa,gt,10,1.0,0.7225,1.0,10,0,0,0,0,21.885,65.3268,1.0785,0.0,5.3,12.9865
patrol,dwa,mcl,10,1.0,0.7225,1.0,10,0,0,0,0,22.2,61.29,0.9942,0.0443,4.9,12.7179
patrol,mppi,gt,10,0.9,0.5958,0.9821,9,0,0,1,0,14.3111,31.7824,1.9499,0.0,1.3,19.4472
patrol,mppi,mcl,10,1.0,0.7225,1.0,10,0,0,0,0,14.765,31.8875,1.7709,0.0268,0.5,19.6564
crowd,pure_pursuit,gt,10,0.6,0.3127,0.8318,6,0,4,0,0,10.05,32.0524,1.0333,0.0,0.0,0.257
crowd,pure_pursuit,mcl,10,0.6,0.3127,0.8318,6,0,4,0,0,10.0917,32.0293,1.0384,0.0346,0.0,0.23
crowd,dwa,gt,10,0.8,0.4902,0.9433,8,1,1,0,0,20.8688,62.395,0.8348,0.0,5.3,11.8835
crowd,dwa,mcl,10,1.0,0.7225,1.0,10,0,0,0,0,24.44,71.5729,1.0427,0.0615,6.1,11.7852
crowd,mppi,gt,10,0.8,0.4902,0.9433,8,0,2,0,0,14.6688,32.0566,1.53,0.0,0.9,18.6722
crowd,mppi,mcl,10,0.9,0.5958,0.9821,9,0,1,0,0,16.5333,32.2183,1.676,0.0281,0.8,18.7799
hidden_wall,pure_pursuit,gt,10,0.0,0.0,0.2775,0,10,0,0,0,nan,nan,0.25,0.0,0.0,0.2278
hidden_wall,pure_pursuit,mcl,10,0.0,0.0,0.2775,0,10,0,0,0,nan,nan,0.25,0.0308,0.0,0.2269
hidden_wall,dwa,gt,10,0.9,0.5958,0.9821,9,0,0,0,1,13.6389,37.2581,0.3743,0.0,2.5,10.5025
hidden_wall,dwa,mcl,10,0.9,0.5958,0.9821,9,0,0,0,1,13.3611,37.2512,0.4157,0.0343,2.6,10.5628
hidden_wall,mppi,gt,10,0.9,0.5958,0.9821,9,0,0,1,0,16.8778,36.5495,1.2379,0.0,2.0,16.0564
hidden_wall,mppi,mcl,10,1.0,0.7225,1.0,10,0,0,0,0,16.215,36.4176,1.4282,0.0282,1.9,14.0654
