scenario,seed,converged_step,n_steps
open,0,21,157
open,1,5,157
open,2,13,157
open,3,13,157
open,4,,157
open,5,,157
open,6,29,157
open,7,,157
open,8,35,157
open,9,17,157
detour,0,5,200
detour,1,181,200
detour,2,183,200
detour,3,5,200
detour,4,9,200
detour,5,13,200
detour,6,19,200
detour,7,19,200
detour,8,11,200
detour,9,5,200
tracking-S,0,7,364
tracking-S,1,11,364
tracking-S,2,,364
tracking-S,3,27,364
tracking-S,4,35,364
tracking-S,5,41,364
tracking-S,6,25,364
tracking-S,7,9,364
tracking-S,8,,364
tracking-S,9,7,364
