scenario,arm,seed,termination,success,collision,steps,loc_rmse_m,loc_max_m,yaw_rmse_rad,cte_true_rmse_m,cte_true_max_m
open,gt,0,success,True,False,157,0.0,0.0,0.0,0.0,0.0
open,mcl,0,success,True,False,154,0.021381134187121717,0.050084366685682134,0.005061689246539721,0.023114955166732426,0.049820479468165146
open,mcl,1,success,True,False,154,0.030087721847871153,0.09660611358155975,0.00519027020746847,0.023733558347246733,0.04737055419135139
open,mcl,2,success,True,False,155,0.021875104285743418,0.055309571542171754,0.004708687008152847,0.009906222659058909,0.018437311843502613
open,mcl,3,success,True,False,156,0.04493907614354995,0.12379296677650453,0.006407452994626465,0.026335947531188758,0.04576384672985334
open,mcl,4,success,True,False,156,0.03159077507446371,0.0638384217403326,0.005362510616192486,0.012309510779479471,0.026013115897896455
open,mcl,5,success,True,False,156,0.028759414370882738,0.06714144323872691,0.006108581695434697,0.023565115991472794,0.050704719101625884
open,mcl,6,success,True,False,155,0.03491774289640887,0.07807468049112792,0.00533885770899464,0.01898425440225841,0.03571547333205771
open,mcl,7,success,True,False,155,0.02086619052604282,0.05587674481640082,0.005557990746899967,0.025095679580233086,0.04885584893395922
open,mcl,8,success,True,False,155,0.042568755155561744,0.09869414277563776,0.0052941030845420085,0.022287665926527447,0.0374564135426283
open,mcl,9,success,True,False,155,0.021686670380050743,0.044751084910333035,0.0054266480382287804,0.016872271614697704,0.03069865650240544
open,mcl_degraded,0,collision,False,True,151,0.364971408137632,0.6309555630516306,0.012215835849429339,0.05344377420509031,0.09049499666409488
open,mcl_degraded,1,collision,False,True,144,0.42853647702554803,0.754616723397512,0.009784713539192282,0.02776913319477275,0.054013112961628806
open,mcl_degraded,2,collision,False,True,151,0.3785203764922455,0.7038510704752349,0.011286369660353878,0.03210435420960364,0.06762645672657719
open,mcl_degraded,3,collision,False,True,150,0.32116404834418155,0.5326297105876572,0.013893714402142852,0.06082253236137563,0.09455983307800864
open,mcl_degraded,4,success,True,False,154,0.3341658168589553,0.5232385889096447,0.011131027396367075,0.028397946672321744,0.05798182341008129
open,mcl_degraded,5,collision,False,True,146,0.3910001832743362,0.689161747258189,0.011965572513123314,0.03796002723173314,0.12987412497770023
open,mcl_degraded,6,collision,False,True,149,0.33216206532628234,0.5677206698104522,0.010524239512927936,0.03414787289601404,0.06747686606593284
open,mcl_degraded,7,collision,False,True,148,0.37928396642838036,0.6892288596877973,0.01199419689231939,0.060189316012350426,0.1303263959947465
open,mcl_degraded,8,success,True,False,154,0.3856366389946816,0.7500654076581609,0.011545151656214331,0.026280500864703852,0.053492277813727895
open,mcl_degraded,9,collision,False,True,144,0.36086331084784656,0.6670008561274916,0.011810608929798466,0.03344553312920493,0.07941779237899027
open,odometry_degraded,0,collision,False,True,141,2.461977189812131,5.217508038154627,0.14290158702684921,2.2028194394822527,4.851886807143874
open,odometry_degraded,1,collision,False,True,142,2.0636345148489865,4.2653795008719815,0.10843684065517456,1.7378489690516647,3.762548997257145
open,odometry_degraded,2,collision,False,True,143,1.930375997697046,3.917505233943721,0.10170044991041426,1.6691156328063188,3.524203608586271
open,odometry_degraded,3,collision,False,True,146,2.6112189446271525,5.497283800896436,0.16407598835485185,2.398177351560033,5.2914045890156425
open,odometry_degraded,4,collision,False,True,147,2.6948540449305,5.4432706606195005,0.15907879703052344,2.516114425485796,5.289895406474772
open,odometry_degraded,5,collision,False,True,143,1.9150791256230681,4.12178960579763,0.12245376610784879,1.6212723431759484,3.752358226521727
open,odometry_degraded,6,collision,False,True,143,2.514517548304419,5.322532400983073,0.15544251831434797,2.302276847455104,5.100262388484662
open,odometry_degraded,7,collision,False,True,140,1.6418204345463687,3.2887653846607203,0.07437799926508033,1.2415624539027532,2.625746186920379
open,odometry_degraded,8,collision,False,True,144,2.2580201440693424,4.681207691581507,0.13087779161736685,2.0381183429430854,4.42336254789857
open,odometry_degraded,9,collision,False,True,144,2.8758347492789857,6.019704248383735,0.17308507656539235,2.6683363424161275,5.795177091764224
detour,gt,0,success,True,False,200,0.0,0.0,0.0,0.3162930555794119,0.7162822089255002
detour,mcl,0,success,True,False,200,0.04099435131292872,0.0750803014054452,0.005480840802066158,0.32577717643573256,0.735513624409224
detour,mcl,1,success,True,False,198,0.04235775690378458,0.10724163951454235,0.004730193629611662,0.313967985156885,0.6941352099900246
detour,mcl,2,success,True,False,199,0.04330930600119956,0.08112278106439824,0.005632217491505271,0.3017995435115023,0.6777854943708717
detour,mcl,3,success,True,False,198,0.04002336602396669,0.07818955815027546,0.007000494886953165,0.3244802893225079,0.7577113382640657
detour,mcl,4,success,True,False,201,0.04911079119200217,0.09745390480921758,0.006020240837072058,0.3064684860586143,0.7228679807194929
detour,mcl,5,success,True,False,198,0.032700434084309414,0.062492244163023986,0.007167487305724922,0.30837520841058114,0.7208195479439929
detour,mcl,6,success,True,False,200,0.046019964914645425,0.0998141710847473,0.005169908798923365,0.3012267520834468,0.6772728609979046
detour,mcl,7,success,True,False,198,0.036325884175584126,0.06334999221142873,0.0068498473696434895,0.29858104447998723,0.6879448093579151
detour,mcl,8,success,True,False,199,0.04524551370179846,0.0920588492448115,0.006849510262196926,0.2903708745291329,0.6638514337070438
detour,mcl,9,success,True,False,200,0.044296100792056765,0.10080968050097881,0.0049369743419650424,0.30018100589934177,0.6960001816012669
detour,mcl_degraded,0,success,True,False,195,0.2873181219465488,0.5349621485976133,0.017461230460704625,0.34371051572064826,0.7448739290114099
detour,mcl_degraded,1,success,True,False,193,0.2906428244966369,0.5157877598467263,0.017181579737334286,0.36056316217427087,0.7447741532496157
detour,mcl_degraded,2,success,True,False,197,0.3708747469784474,0.6799693173027027,0.022837931574754427,0.34429516883590056,0.6783383599775163
detour,mcl_degraded,3,success,True,False,194,0.3053625481894965,0.6114292214165774,0.022421580679739955,0.3702363667044581,0.8333484788937466
detour,mcl_degraded,4,success,True,False,195,0.24274523480314272,0.4089871774674181,0.019014953685801656,0.3364277834344138,0.7433672372189732
detour,mcl_degraded,5,success,True,False,195,0.28874947455861966,0.5116366523288007,0.02198787673902018,0.31656902796092434,0.7141485629480986
detour,mcl_degraded,6,success,True,False,197,0.2923094702115686,0.5401651960499434,0.017987034351079283,0.3202744981575288,0.6459702685573072
detour,mcl_degraded,7,success,True,False,196,0.317889657085675,0.5202356586040197,0.018435326195342765,0.3377272134794875,0.6945889507340857
detour,mcl_degraded,8,success,True,False,196,0.24786450786741143,0.4193701735590603,0.019971314252576866,0.3051695275001287,0.635558900241826
detour,mcl_degraded,9,success,True,False,195,0.24907413138672485,0.3828021184559317,0.017648682949482356,0.33815048631849964,0.7662252364996129
detour,odometry_degraded,0,timeout,False,False,2000,5.584628760543336,5.7909664607029,1.7192421719018718,4.212392926119954,4.390757960819306
detour,odometry_degraded,1,timeout,False,False,2000,4.744263295838019,4.9247131393968955,1.718575193706526,3.438471557335754,3.5924554430904774
detour,odometry_degraded,2,timeout,False,False,2000,4.223394810850149,4.379354947169285,1.6665426957475902,2.8890581644203124,3.013822118955562
detour,odometry_degraded,3,timeout,False,False,2000,6.141031431236686,6.383562273831043,1.7841188285884266,5.309621960246219,5.544796172222035
detour,odometry_degraded,4,timeout,False,False,2000,5.948332386678641,6.177249797592043,1.7424678675714915,5.006393309996347,5.2231464265041305
detour,odometry_degraded,5,timeout,False,False,2000,4.977323675930056,5.174464621316984,1.7289736391301214,4.1333584854489995,4.318565677182871
detour,odometry_degraded,6,timeout,False,False,2000,6.116077964740531,6.353632195203591,1.746975268734555,5.097761344143928,5.320117797225824
detour,odometry_degraded,7,timeout,False,False,2000,3.436976071713486,3.5590901920558933,1.6709637724179713,1.9911154710614134,2.0755615008102
detour,odometry_degraded,8,timeout,False,False,2000,4.951992001330785,5.140971114697464,1.6989903029114863,3.6981086275631663,3.857772197443875
detour,odometry_degraded,9,timeout,False,False,2000,6.508077801425722,6.755890426576108,1.7785670538647087,5.417029612043084,5.650263098919029
tracking-S,gt,0,success,True,False,364,0.0,0.0,0.0,0.23414962588564547,0.5748409502367735
tracking-S,mcl,0,success,True,False,366,0.0340780219313381,0.06342555535133984,0.006228511857992416,0.23857058906183223,0.5917903506382728
tracking-S,mcl,1,success,True,False,364,0.031499634449962344,0.06531124016046978,0.0046973853037684,0.23446648173682605,0.5681286286976331
tracking-S,mcl,2,success,True,False,364,0.02775989628007113,0.05571103532976069,0.004487590081670535,0.24148444116719786,0.5928235631240387
tracking-S,mcl,3,success,True,False,363,0.026947940396379055,0.04250273949605131,0.005585209012357979,0.23865538485855817,0.5959527044428394
tracking-S,mcl,4,success,True,False,366,0.035386077164301616,0.06509476550427337,0.00544208909649013,0.23803359006141403,0.5909008055254691
tracking-S,mcl,5,success,True,False,364,0.030775466130196404,0.05088923399469926,0.005333018434755891,0.24147305050707904,0.590538994681518
tracking-S,mcl,6,success,True,False,365,0.02513954743251094,0.051341720846090295,0.005603496087719091,0.242519302265878,0.5956418816530649
tracking-S,mcl,7,success,True,False,364,0.030972025188521553,0.07266759264819123,0.005502007429189186,0.2399599900069913,0.5866981212435904
tracking-S,mcl,8,success,True,False,364,0.03181180571653514,0.05965405243124155,0.0053858358593315125,0.2428198050402985,0.6067943524049433
tracking-S,mcl,9,success,True,False,364,0.03362849161509057,0.06005746370799561,0.004745451959319438,0.23672642543333017,0.5909085763950542
tracking-S,mcl_degraded,0,success,True,False,354,0.15124101563658227,0.25351660586412583,0.013670805280526955,0.27132838805049414,0.6062515912553842
tracking-S,mcl_degraded,1,success,True,False,351,0.16210430131868991,0.25171109378282125,0.012622462333295902,0.27489570487082593,0.5971325309520069
tracking-S,mcl_degraded,2,success,True,False,350,0.17891975033960722,0.27735055655392465,0.012280821208310245,0.2819892749134761,0.6044260368465263
tracking-S,mcl_degraded,3,success,True,False,351,0.16540218989047314,0.2675432877599735,0.013765634089038584,0.2788402895923368,0.6303034614738441
tracking-S,mcl_degraded,4,success,True,False,353,0.1540320830666442,0.25517666337550876,0.014149971434406886,0.266595744244262,0.6102876718999256
tracking-S,mcl_degraded,5,success,True,False,353,0.16627185497228308,0.26161534649866686,0.012996141075938739,0.28492525021235454,0.6015263482018294
tracking-S,mcl_degraded,6,success,True,False,352,0.17013109817417194,0.28218326466181887,0.0137030860412839,0.28523280500815007,0.5988343351428042
tracking-S,mcl_degraded,7,success,True,False,350,0.16448110020468623,0.2619051335981042,0.012734532963607053,0.27989832946596693,0.6200952497539612
tracking-S,mcl_degraded,8,success,True,False,351,0.1694338292477454,0.24561679807977235,0.013325949747369975,0.26965718414530776,0.5952604168963251
tracking-S,mcl_degraded,9,success,True,False,353,0.16661435524080637,0.25125386684844553,0.012390508773566103,0.266307425968568,0.5717166659618969
tracking-S,odometry_degraded,0,timeout,False,False,2000,9.768908579689121,10.578532103645017,1.747750433425456,8.693434621134651,9.421916794467094
tracking-S,odometry_degraded,1,timeout,False,False,2000,9.166696665359687,9.92849474054675,1.7366896848158235,8.301892224958385,9.003849733767519
tracking-S,odometry_degraded,2,timeout,False,False,2000,8.269705841395778,8.956990651568415,1.6850396126060936,7.574478151843004,8.215679649348266
tracking-S,odometry_degraded,3,collision,False,True,353,4.691831645059239,11.174047351425274,0.36150200405714333,4.032698239519053,9.593773660791856
tracking-S,odometry_degraded,4,timeout,False,False,2000,9.3607608398632,10.129649147880018,1.725401272080515,8.377498477454354,9.073148375797999
tracking-S,odometry_degraded,5,timeout,False,False,2000,8.820333593483118,9.556021790933293,1.7152130270806687,7.868717763564158,8.533242390607716
tracking-S,odometry_degraded,6,timeout,False,False,2000,9.235501111144076,9.988342505301874,1.7068394406003726,8.233864658958106,8.912329243589518
tracking-S,odometry_degraded,7,timeout,False,False,2000,7.269114066195875,7.86079269056488,1.626688570328309,6.726811432999878,7.2871000076049715
tracking-S,odometry_degraded,8,timeout,False,False,2000,9.495115658252665,10.291975582413464,1.7614954610117275,8.46999800599497,9.189114444932702
tracking-S,odometry_degraded,9,timeout,False,False,2000,10.00418416476131,10.816585569596704,1.7545593976307219,8.767454148170735,9.482938823538507
