lambda,scenario,n,success_rate,collisions,time_to_goal_s,ess_mean,plan_ms_mean
0.5,crossing_ped,10,0.6,4,13.38,1.6,17.3
0.5,crowd,10,0.7,3,12.44,1.6,19.0
0.5,hidden_wall,10,1.0,0,12.7,1.6,16.6
1.0,crossing_ped,10,0.6,4,14.03,1.7,17.6
1.0,crowd,10,0.8,1,13.52,2.8,19.1
1.0,hidden_wall,10,1.0,0,13.32,1.9,16.4
2.0,crossing_ped,10,0.9,1,16.51,2.0,18.7
2.0,crowd,10,0.7,3,12.21,2.1,20.6
2.0,hidden_wall,10,1.0,0,13.75,2.1,16.6
4.0,crossing_ped,10,1.0,0,20.94,15.1,17.8
4.0,crowd,10,0.8,2,14.67,10.3,18.9
4.0,hidden_wall,10,0.9,0,16.88,5.6,16.8
8.0,crossing_ped,10,0.9,0,22.86,91.3,17.7
8.0,crowd,10,0.8,2,17.22,115.8,19.2
8.0,hidden_wall,10,0.9,0,18.76,104.2,16.9
16.0,crossing_ped,10,0.2,0,25.27,164.4,17.4
16.0,crowd,10,0.6,2,21.0,222.2,19.0
16.0,hidden_wall,10,0.3,0,22.78,238.4,17.0
64.0,crossing_ped,10,0.3,0,35.32,340.2,17.0
64.0,crowd,10,0.2,5,37.93,334.3,18.7
64.0,hidden_wall,10,0.0,0,nan,318.9,14.9
