a_lat_kinematic_mps2,action_normalized_steer,collision,cte,delta,dt,heading_error,previous_delta,reward,s,step,success,termination_reason,v,v_ref,x,y,yaw
2.891365104088198e-06,-0.0012047352502122521,False,2.451294078926662e-05,-0.0007228411501273513,0.05,0.005131234836148746,0.0,0.007496713925465564,0.004999939911209036,0,0.0,,0.1,0.03158760507795783,4.255,13.25,-1.445682551892702e-06
6.3815723763286214e-06,-0.0006647470872849226,False,7.352435014641183e-05,-0.00039884825237095355,0.05,0.0055897846298598175,-0.0007228411501273513,0.014996062094130114,0.014999819804492314,1,0.0,,0.2,0.09476281568157131,4.264999999999989,13.249999985543175,-3.041075645970892e-06
9.875387364041117e-06,0.0004571938479784876,False,0.000147017436306739,0.00027431630878709256,0.05,0.006281648313357646,-0.00039884825237095355,0.02249495948379917,0.02999963976168727,2,0.0,,0.30000000000000004,0.18952563232785638,4.279999999999919,13.24999993992704,-1.395177751994936e-06
8.608937687503771e-05,0.0022419095039367676,False,0.00024504079037144264,0.0013451457023620605,0.05,0.007212699858849536,0.00027431630878709256,0.02999330646936794,0.04999939954330442,3,0.0,,0.4,0.315876053503815,4.2999999999999,13.249999912023485,9.365994357413143e-06
0.0002762817263622923,0.004604683723300695,False,0.0003678381026519467,0.002762810233980417,0.05,0.008390690937473355,0.0013451457023620605,0.037490935244757384,0.07499909795031323,4,0.0,,0.5,0.4738140716344555,4.324999999998804,13.250000146173344,3.6994166993764566e-05
0.0006506015014658393,0.0075300587341189384,False,0.0005601654304815258,0.0045180352404713625,0.05,0.010024490822281074,0.002762810233980417,0.04497966132903464,0.10499375835418905,5,0.0,,0.6,0.6456354617218755,4.354999999978276,13.250001255998352,9.121095878272811e-05
0.0012944436340830523,0.011007013730704784,False,0.001058436120414571,0.00660420823842287,0.05,0.013189071532037744,0.0045180352404713625,0.05247330159654431,0.13999021146855875,6,0.0,,0.7,0.7371586017226888,4.3899999998326855,13.250004448381905,0.00018367121836027067
0.00236655524717342,0.015406821854412556,False,0.0016315775794354718,0.009244093112647534,0.05,0.01684797139825811,0.00660420823842287,0.05995881476853396,0.17998610506277346,7,0.0,,0.7999999999999999,0.8417563378680671,4.4299999991579835,13.250011795230598,0.00033158092130847194
0.00395628221568388,0.02035023458302021,False,0.0024860934549432315,0.012210140749812125,0.05,0.020814343346823527,0.009244093112647534,0.06740908233938361,0.2249613012082494,8,0.0,,0.8999999999999999,0.9446659252275266,4.4749999966842005,13.250026716371783,0.0005513743777352254
0.006261564866188095,0.026129160076379776,False,0.003641129066860519,0.015677496045827865,0.05,0.02509449479258885,0.012210140749812125,0.07484167741797479,0.2749082790519143,9,0.0,,0.9992066251363709,1.0447959395973514,4.524960320346707,13.250054263216946,0.0008647012066749227
0.009398395696514506,0.03262423351407051,False,0.00513613236735382,0.019574540108442305,0.05,0.029644624717561907,0.015677496045827865,0.08197323553497568,0.32963127572620243,10,0.0,,1.0955276594351557,1.1457318044543596,4.579736682840091,13.250101628415496,0.0012936449953402374
0.013599321910982173,0.040033161640167236,False,0.0070086118759241775,0.024019896984100342,0.05,0.03445541515562445,0.019574540108442305,0.0890231725979005,0.3890818408559374,11,0.0,,1.189600927467882,1.2461094887480637,4.639216679443046,13.250178574458348,0.0018652367618297028
0.018978753366973918,0.04813248664140701,False,0.009402859259391631,0.028879491984844206,0.05,0.03936589967399051,0.024019896984100342,0.09577156496453461,0.45306522772609337,12,0.0,,1.2815887610884886,1.344078548630765,4.703296006027855,13.250298097712578,0.0026056752684398
0.025857126871476555,0.05722297728061676,False,0.012220938820544076,0.034333786368370055,0.05,0.04452384200242898,0.028879491984844206,0.10243209315180668,0.5215311790729767,13,0.0,,1.371873094611834,1.4434631159864633,4.771889427898773,13.250476830300029,0.003548077556706719
0.0344203601647626,0.06718414276838303,False,0.015626272601412246,0.040310485661029814,0.05,0.04976817344534634,0.034333786368370055,0.10908717013762517,0.594485064246188,14,0.0,,1.4606663786681342,1.5413965212385252,4.844922287129755,13.250735957636142,0.004726319236923349
0.04490048095214956,0.0779988169670105,False,0.019669767361441465,0.046799290180206295,0.05,0.055037506609685316,0.040310485661029814,0.11538832277958944,0.6717013201926859,15,0.0,,1.5481650418261172,1.6380159290266032,4.922329674646282,13.251101812385011,0.006176438563322506
0.05757176037941775,0.08969296514987946,False,0.024328181350067642,0.05381577908992767,0.05,0.060408180896097896,0.046799290180206295,0.12169844072176872,0.7531988483400307,16,0.0,,1.634595020935329,1.7347648739907695,5.00405786676866,13.251606607961609,0.007937479054760832
0.07274585851088292,0.10231252759695053,False,0.029666119175261605,0.06138751655817032,0.05,0.06583433201420341,0.05381577908992767,0.12791811629768954,0.8389325889380673,17,0.0,,1.7201293297512197,1.8312192552893314,5.090061623913069,13.25228927531946,0.010052025247674123
0.09074461659386988,0.11587749421596527,False,0.03573757891621557,0.06952649652957917,0.05,0.07127728948521428,0.06138751655817032,0.13405574046619234,0.9288658464928423,18,0.0,,1.8049076245616098,1.9272177039178364,5.180302445837966,13.253196408893256,0.012565855189965891
0.11191292565010198,0.1304057389497757,False,0.04258748754309341,0.07824344336986541,0.05,0.0767043375663401,0.06952649652957917,0.1401172268430771,1.022969176610025,19,0.0,,1.889045374515264,2.022720085214748,5.2747472576213905,13.254383251189978,0.015528010762296152
0.13656310231774055,0.1458471268415451,False,0.05025329542502088,0.08750827610492706,0.05,0.08208607516516997,0.07824344336986541,0.1461094792060669,1.1212215671647474,20,0.0,,1.9726809559896366,2.117745949837182,5.373369414382489,13.255914780197186,0.018989368816752172
0.16507956860754452,0.16221661865711212,False,0.05876640910001726,0.09732997119426727,0.05,0.08739507951617664,0.08750827610492706,0.1521194347171246,1.2236644405417145,21,0.0,,2.0559197678767833,2.2123819927691977,5.476146869415562,13.257866693819995,0.02300410643411599
0.19781055182324564,0.1794692873954773,False,0.06815205024362359,0.10768157243728638,0.05,0.09261104276649323,0.09732997119426727,0.15781527252994196,1.3301230917916587,22,0.0,,2.138860507665027,2.306572159387871,5.5830615995149735,13.260326605585231,0.027628310563238667
0.23506475742216942,0.1975213885307312,False,0.07843301617239137,0.11851283311843872,0.05,0.09770302453620383,0.10768157243728638,0.16369698138302352,1.4407617230629872,23,0.0,,2.2215756052980398,2.400498881251478,5.694097987952396,13.263395134208583,0.03291880702128358
0.27720433089731944,0.21633104979991913,False,0.0896277278510107,0.12979862987995147,0.05,0.10264471267986774,0.11851283311843872,0.16942970085557282,1.555527604204579,24,0.0,,2.3041495481006256,2.494190167725389,5.809243048826269,13.267186942007367,0.03893413556464642
0.32452555496360447,0.23580317199230194,False,0.10175235660758433,0.14148190319538115,0.05,0.10740394056742186,0.12979862987995147,0.1750935668985876,1.6744282417609917,25,0.0,,2.38664769107633,2.5877118861914776,5.9284849987982025,13.27183187152144,0.04573290934631924
0.37741595284194307,0.25591591000556946,False,0.11482088363492728,0.15354954600334167,0.05,0.11194499608697273,0.14148190319538115,0.18068198639863237,1.7974742362074108,26,0.0,,2.4691064703354093,2.6811269561071054,6.051811241472358,13.277475874755467,0.05337567318368963
0.43629731619843526,0.2766522765159607,False,0.12884582486303375,0.16599136590957642,0.05,0.1162277534195848,0.15354954600334167,0.18618959745591204,1.9246806619696397,27,0.0,,2.5515920560534564,2.774496296189194,6.179209152665927,13.284282288995232,0.06192518475556019
0.5011254318099615,0.2977134883403778,False,0.1437973354276583,0.1786280930042267,0.05,0.12010091933232125,0.16599136590957642,0.19265177995122862,2.0567578341549395,28,0.0,,2.634155546230087,2.8682105384173564,6.310664478882227,13.2924331057459,0.07143725462036299
0.5720214298203585,0.3191955089569092,False,0.1595707828011746,0.1915173053741455,0.05,0.12342766446448028,0.1786280930042267,0.19717190674369084,2.1924877545061623,29,0.0,,2.715778076648014,2.961216455068381,6.446107045550142,13.302125243715025,0.0819687011096577
0.6389390520814681,0.3407778739929199,False,0.17611576697361805,0.20446672439575195,0.05,0.12623257660089982,0.1915173053741455,0.20074798273350367,2.3313242909800027,30,0.0,,2.7754439747930513,3.0536092132819594,6.584413309217108,13.313487487046396,0.09347927487523178
0.7052613236733153,0.3620879352092743,False,0.193209413367646,0.21725276112556458,0.05,0.12814387167140007,0.20446672439575195,0.20587356736601006,2.474374157973246,31,0.0,,2.826232553203801,3.1459280761369675,6.725107969362862,13.326677965371424,0.10595633241378843
0.7713882517758229,0.3833301067352295,False,0.21067725920983907,0.22999806404113768,0.05,0.12920284808030535,0.21725276112556458,0.20628927367596808,2.618569519903356,32,0.0,,2.8699047498027954,3.2362584823162877,6.867798467983521,13.34185376142104,0.11939559815647272
0.8419312965797099,0.4036702513694763,False,0.2285400326400687,0.24220215082168578,0.05,0.12902205555430823,0.22999806404113768,0.21246842786510758,2.767821434686008,33,0.0,,2.9188659413461435,3.327300179046665,7.012702766813328,13.359237378407107,0.13381783120002622
0.9191337495224878,0.4237244427204132,False,0.24641023365124984,0.2542346656322479,0.05,0.12760801677916778,0.24220215082168578,0.21254393284515263,2.9181129576247615,34,0.0,,2.973662347596641,3.4163811621059073,7.160056619541195,13.379074502191541,0.14927240609931403
0.9993490386498195,0.4426146447658539,False,0.26430587430831737,0.2655687868595123,0.05,0.1242500725919422,0.2542346656322479,0.22095375363022554,3.075039365240195,35,0.0,,3.0307455770639042,3.4720489128065264,7.309908735127749,13.401610924633118,0.1657592574901514
1.0815158924989592,0.4609890580177307,False,0.28178949433607314,0.2765934348106384,0.05,0.11935217618775074,0.2655687868595123,0.21967788263682414,3.232165147633492,36,0.0,,3.086220534823572,3.3462035125298484,7.462104676366312,13.427072433709068,0.18328094591610178
1.148268378907303,0.4779023230075836,False,0.29829798175024175,0.28674139380455016,0.05,0.11139786368414395,0.2765934348106384,0.2285088411530568,3.3961797037436967,37,0.0,,3.120170312918277,3.241893964155229,7.6155002072798,13.455506006291678,0.20168167830806727
1.2090942850928368,0.49382200837135315,False,0.313588393382165,0.29629320502281187,0.05,0.10058929667314187,0.28674139380455016,0.2319828555758644,3.563449142918071,38,0.0,,3.1466710670205034,3.16950910100723,7.769644781668258,13.487022624077557,0.22089395470017337
1.269971980673883,0.5083633661270142,False,0.32712298112634713,0.3050180196762085,0.05,0.08641026011916608,0.29629320502281187,0.23600200505622335,3.734225809158337,39,0.0,,3.175557863901731,3.1428173179644467,7.924564685170722,13.521811169121255,0.24089000004247918
1.3310645734426294,0.5212581753730774,False,0.3379904400165511,0.3127549052238464,0.05,0.0699118558664571,0.3050180196762085,0.22940593926531522,3.9012653911826707,40,0.0,,3.2079027474303023,3.2473278948065953,8.080328578932964,13.560076159549219,0.2616366479031238
1.3895123489266934,0.5320414304733276,False,0.34574525426300573,0.31922485828399655,0.05,0.04831977367707596,0.3127549052238464,0.2441407354862048,4.07855937722702,41,0.0,,3.2418744304180658,3.1819476047890753,8.23690591617341,13.602003620946112,0.28306734145326695
1.4485831515188463,0.5415854454040527,False,0.3499212348148217,0.3249512672424316,0.05,0.025868025845273923,0.31922485828399655,0.24767357137633622,4.258423526464737,42,0.0,,3.278652650478626,3.1835990235119582,8.394314561297673,13.647790370627321,0.3051584762263784
1.50673039424534,0.5492175817489624,False,0.35044345557853857,0.32953054904937745,0.05,0.004023317539095572,0.3249512672424316,0.25055099883162707,4.440197065344569,43,0.0,,3.3187493781985666,3.2074771569993037,8.552585611493841,13.697645342877193,0.32785875007265464
1.5642580931470598,0.5549215078353882,False,0.34733947433482576,0.3329529047012329,0.05,-0.016861877133276693,0.32953054904937745,0.2535688880789267,4.6237436440605135,44,0.0,,3.3627486353152056,3.243882275177508,8.711767040087079,13.751788382612709,0.3511173736390938
1.6214881848532179,0.5587412714958191,False,0.3406918351280144,0.33524476289749144,0.05,-0.036488390668679926,0.3329529047012329,0.25680921288813463,4.808985052557545,45,0.0,,3.4110696755988057,3.292990120304591,8.871914882119976,13.810449779814622,0.3748854044778156
1.6778107530293362,0.560746431350708,False,0.3306358323802633,0.33644785881042477,0.05,-0.054593161584869154,0.33524476289749144,0.2602745479335429,4.995858324359475,46,0.0,,3.463104321219326,3.3548654791501655,9.033044397257706,13.873853314421138,0.39910949069359836
1.7323727542821463,0.5609270334243774,False,0.3173558240378743,0.33655622005462643,0.05,-0.070965760114587,0.33644785881042477,0.2639695266405233,5.184326666744892,47,0.0,,3.518351797167279,3.4294959490764048,9.195136167998957,13.942214533540913,0.4237285858573756
1.784681973354034,0.5593434572219849,False,0.3010778286389513,0.3356060743331909,0.05,-0.0854525264807684,0.33655622005462643,0.2679060928086889,5.374392684222887,48,0.0,,3.576528564651192,3.5168358132280004,9.35814758515468,14.015741190688493,0.44867850504707585
1.834220369253509,0.5560579895973206,False,0.282061916915488,0.33363479375839233,0.05,-0.09795742072999492,0.3356060743331909,0.27208645434302453,5.566098557188832,49,0.0,,3.637365993535195,3.6168503549369846,9.522014764348528,14.09463115209276,0.47389208504581015
1.8805465590644288,0.5511574745178223,False,0.2605439447525933,0.33069448471069335,0.05,-0.10920453945141606,0.33363479375839233,0.28303200101300935,5.763886986287585,50,0.0,,3.7006201135660755,3.724515379517147,9.686655143714859,14.179070589232255,0.4993006179585855
1.9225541690603112,0.5444852113723755,False,0.2368078731898085,0.32669112682342527,0.05,-0.11748023255201945,0.33069448471069335,0.28023608975330255,5.958545272767845,51,0.0,,3.766319110611652,3.8275965020684812,9.85198104463458,14.269238463735753,0.5248236035659852
1.960622201577079,0.5364655256271362,False,0.21124425783833886,0.3218793153762817,0.05,-0.12379986159954015,0.32669112682342527,0.28510913227476087,6.1552001083752685,52,0.0,,3.833843718503847,3.928994302875536,10.017873827882259,14.365287818814886,0.5503935321485489
1.9936280181140233,0.5269613265991211,False,0.18417685543474066,0.3161767959594726,0.05,-0.12824620175956047,0.3218793153762817,0.2901589712803226,6.354027228809403,53,0.0,,3.9031701603656708,4.028923310087769,10.184211085795509,14.467360145533851,0.5759321063869733
2.0209393582628072,0.5160137414932251,False,0.1559295928275631,0.309608244895935,0.05,-0.1309256306366069,0.3161767959594726,0.29534764077707776,6.555216659698714,54,0.0,,3.9741340106835543,4.127582584398189,10.35086342011086,14.575579147120557,0.6013582665621207
2.0419098424793294,0.5036584138870239,False,0.12682239358954428,0.30219504833221433,0.05,-0.1319616539568118,0.309608244895935,0.30063731869606714,6.758967263655858,55,0.0,,4.046596912749153,4.225155717611549,10.517698119845038,14.69004988312013,0.6265882299919614
2.055845261030906,0.48992037773132324,False,0.09716772930988549,0.29395222663879395,0.05,-0.13148977993957933,0.30219504833221433,0.3059921673529636,6.965481340544384,56,0.0,,4.120436044726498,4.321810682657258,10.684582542948862,14.810857880876933,0.651535168115926
2.062036549010897,0.4748224914073944,False,0.0672676302477434,0.28489349484443666,0.05,-0.12965305974725094,0.29395222663879395,0.3113804588842379,7.174959897598377,57,0.0,,4.195543078953292,4.417699865586822,10.851387643635203,14.938068386352706,0.6761092996432008
2.0597715705763315,0.45838820934295654,False,0.037411109666434725,0.2750329256057739,0.05,-0.12659848969246434,0.28489349484443666,0.31677620223603836,7.387598658992089,58,0.0,,4.271822672643958,4.5129603084498555,11.017991562768684,15.071725808502215,0.700218113707122
2.048318747934105,0.4406382143497467,False,0.007832824237503441,0.264382928609848,0.05,-0.12246201456180605,0.2750329256057739,0.3222624962572045,7.60365269217937,59,0.0,,4.349191047169865,4.607724910231491,11.184283242653855,15.211853372218009,0.7237663865435957
2.0269021303246055,0.42158544063568115,False,-0.0212608162145886,0.2529512643814087,0.05,-0.11733545005096069,0.264382928609848,0.32716937448797373,7.822927309944949,60,0.0,,4.427577910941878,4.701914838422265,11.350166191504211,15.3584530402748,0.7466559005295101
1.9949219966388483,0.4012831449508667,False,-0.04953542153258558,0.24076988697052001,0.05,-0.11143801678383625,0.2529512643814087,0.33257001842938816,8.045935450769855,61,0.0,,4.506902491519328,4.795821901702865,11.515561454873255,15.51150477017434,0.76878775273169
1.7128889182566671,0.22835081815719604,False,-0.076772767868516,0.20076988697052,0.05,-0.10751185938213803,0.24076988697052001,0.3371376567536924,8.272824306038789,62,0.0,,4.587118196575318,4.889525520244749,11.680411939354443,15.670967778861932,0.7874583956588275
1.4135886471297434,0.20574171841144562,False,-0.1033798225277721,0.16076988697052,0.05,-0.10565448706678149,0.20076988697052,0.3429696960952699,8.503654805801183,63,0.0,,4.668173023174986,4.9830650417510665,11.84511639864197,15.83635229907634,0.8025991010280591
1.0952875052274547,0.18579168617725372,False,-0.12983015611145232,0.12076988697051999,0.05,-0.10593009464667391,0.16076988697052,0.34687972885637935,8.737834990896998,64,0.0,,4.7500196851182865,5.076207835323195,12.01014155339001,16.0071545702056,0.8141283954082379
0.9485894399694379,0.1686636060476303,False,-0.15671111776091542,0.10119816362857818,0.05,-0.10646658252516872,0.12076988697051999,0.35242828420795813,8.976645885474937,65,0.0,,4.832588116136388,5.169413514232395,12.176020725660402,16.18284995989311,0.8239429028437257
0.8821784687849709,0.1516844779253006,False,-0.18397747149587979,0.09101068675518036,0.05,-0.10644267573683219,0.10119816362857818,0.3569594439827268,9.219591781636222,66,0.0,,4.915880697007613,5.262562756608435,12.342996743103832,16.36322101401977,0.8329156436724645
0.8033751500717405,0.13361690938472748,False,-0.2114940944319752,0.08017014563083648,0.05,-0.10596339360755991,0.09101068675518036,0.36136272209321896,9.466771533149256,67,0.0,,4.999849664057522,5.355700628131272,12.51117202380312,16.548189434620845,0.8409496367327658
0.7102244600466581,0.1142912283539772,False,-0.239204803766973,0.06857473701238632,0.05,-0.10506411673635707,0.08017014563083648,0.36478423218184,9.717716596037075,68,0.0,,5.084461810926266,5.4485957008838115,12.680676638295662,16.73765596314938,0.8479339006180844
0.6020024771425324,0.0937570109963417,False,-0.26696403581721356,0.05625420659780502,0.05,-0.10390386647096506,0.06857473701238632,0.36986784902140507,9.973718246267174,69,0.0,,5.16966517037271,5.541760180100517,12.85167209089036,16.931496490713524,0.8537563519500644
0.475754017633336,0.07172631472349167,False,-0.2946681759579385,0.043035788834095,0.05,-0.10261259400541123,0.05625420659780502,0.3738878060751838,10.234246740470168,70,0.0,,5.255478173066002,5.635032151659879,13.024355652672433,17.12956343535394,0.8582826196079871
0.33061493193540564,0.04826189577579498,False,-0.3223031454809027,0.028957137465476988,0.05,-0.10118066648447055,0.043035788834095,0.37752189983971307,10.499221703637964,71,0.0,,5.341862645209557,5.728274805228896,13.19896458526324,17.331678407486663,0.8613771856226329
0.16437433416374797,0.023237433284521103,False,-0.3497896195967015,0.013942459970712662,0.05,-0.09982479627464169,0.028957137465476988,0.3817328087085217,10.769200212392443,72,0.0,,5.428792387200797,5.821794760294963,13.375778496638235,17.53763060510203,0.8628910981324509
0.02391879071450864,-0.003275189781561494,False,-0.3771121384979222,-0.001965113868936896,0.05,-0.09852267241931534,0.013942459970712662,0.38580289767944487,11.044256024657185,73,0.0,,5.516269476881213,5.915512639403428,13.555124483431236,17.747173176851003,0.8626742959003018
0.23432228562638185,-0.031082265079021454,False,-0.4042985275319589,-0.018649359047412873,0.05,-0.09741917580361914,-0.001965113868936896,0.3901127580466727,11.324718199501126,74,0.0,,5.604277997096705,6.009613794650366,13.737377969533162,17.960019357168036,0.8605837296779644
0.467178889900691,-0.060038335621356964,False,-0.4312975385486846,-0.036023001372814174,0.05,-0.09644395561366359,-0.018649359047412873,0.3929084700724046,11.609737376720014,75,0.0,,5.692823330340011,6.103708035847105,13.922962581726791,18.175840916316094,0.8564805030117615
0.7215680834327028,-0.08984815329313278,False,-0.45818535173946917,-0.05390889197587967,0.05,-0.09564378568764376,-0.036023001372814174,0.3981449532691225,11.901106032671677,76,0.0,,5.781865182203629,6.19844853934449,14.112347762655363,18.394262906297868,0.8502405781718183
0.9983986886868301,-0.12046065181493759,False,-0.4849807742259631,-0.07227639108896255,0.05,-0.09496873035514852,-0.05390889197587967,0.40244868897707076,12.198367064351366,77,0.0,,5.871447707820573,6.293648950328319,14.306047522742062,18.614864693250137,0.8417384272682433
1.287189620387176,-0.15155285596847534,False,-0.5115031923255068,-0.0909317135810852,0.05,-0.09436146412816626,-0.07227639108896255,0.401773403131675,12.498340700622563,78,0.0,,5.940649426738416,6.3882544997099435,14.50392084515797,18.83639220238751,0.8309046822689705
1.5860106214294913,-0.18250392377376556,False,-0.5377476603775623,-0.10950235426425933,0.05,-0.0935412187643152,-0.0909317135810852,0.40694731975364035,12.80505558225258,79,0.0,,6.005386519292122,6.483562418964819,14.706364794016185,19.05815359597515,0.8176997818322169
1.9036260884516174,-0.2134171575307846,False,-0.5636661159913559,-0.12805029451847075,0.05,-0.09236636266078779,-0.10950235426425933,0.41023174038251425,13.117368198742053,80,0.0,,6.07965772745318,6.516802516617569,14.914259053542239,19.279931800638202,0.8020440806908873
2.2276855595456473,-0.24383506178855896,False,-0.5890542969575135,-0.14630103707313538,0.05,-0.09054418865601255,-0.12805029451847075,0.41323246840360217,13.435165987605755,81,0.0,,6.147749876511409,6.090258565339881,15.127966803115912,19.500875388760875,0.7839261871176881
2.3818479268003445,-0.273404598236084,False,-0.6128868126877426,-0.16404275894165038,0.05,-0.08782192740593775,-0.14630103707313538,0.4003501427051197,13.747773300061912,82,0.0,,5.997749876511409,5.69311772207919,15.340331189973105,19.71261550340085,0.7640700079184839
2.495847121707173,-0.30079981684684753,False,-0.6349431430449071,-0.18047989010810853,0.05,-0.08387120467265152,-0.16404275894165038,0.3879880517611676,14.055385595241898,83,0.0,,5.847749876511409,5.348572762792511,15.551442591627628,19.914908416368807,0.742729773004092
2.5722944836868646,-0.325924277305603,False,-0.6549338652515762,-0.1955545663833618,0.05,-0.07836321677819225,-0.18047989010810853,0.37624298327433137,14.358188639041918,84,0.0,,5.697749876511408,5.046043700236309,15.76129788640038,20.107578184090826,0.7201568754617571
2.614174851715671,-0.34872758388519287,False,-0.6725123758385719,-0.2092365503311157,0.05,-0.07098268016478038,-0.1955545663833618,0.36520553249900545,14.656343491303833,85,0.0,,5.547749876511408,4.778451813468101,15.969810697568501,20.29051595851043,0.6965961985215094
2.624736861927152,-0.3692008852958679,False,-0.6872910875767171,-0.22152053117752074,0.05,-0.06144486858444065,-0.2092365503311157,0.354945743768877,14.949967295521777,86,0.0,,5.397749876511408,4.541020688941828,16.17682264809941,20.46367863249312,0.6722829483526862
2.607479100917899,-0.38738468289375305,False,-0.6988626950599072,-0.23243080973625183,0.05,-0.049517101441707734,-0.22152053117752074,0.34549837543156103,15.239110300103452,87,0.0,,5.247749876511407,4.330543430936943,16.38211513376842,20.62708668689652,0.647439166138629
2.5660782455759548,-0.40337055921554565,False,-0.7066814623718255,-0.2420223355293274,0.05,-0.03649170955862502,-0.23243080973625183,0.3214849985401224,15.513472265901415,88,0.0,,5.097749876511407,4.151475975393232,16.585421292298957,20.780821004510496,0.6222704318172423
2.5009991288626376,-0.41677334904670715,False,-0.7104137268606059,-0.25006400942802426,0.05,-0.01958542954473197,-0.2420223355293274,0.3276782349582658,15.792520623174653,89,0.0,,4.9477498765114065,3.989447029627764,16.78643777154463,20.92501860217762,0.5969963254933184
2.4215301691434723,-0.4286257326602936,False,-0.7098133484845491,-0.2571754395961761,0.05,-0.00015082804410049278,-0.25006400942802426,0.3205236543369392,16.06666560129825,90,0.0,,4.797749876511406,3.8503994022855594,16.984831419748662,21.05987396931667,0.5717602228257044
2.327939857184173,-0.43861517310142517,False,-0.7047128247584353,-0.26316910386085507,0.05,0.021205274406081553,-0.2571754395961761,0.3133194200716598,16.335177270766522,91,0.0,,4.647749876511406,3.7871337104133556,17.18025763591028,21.185621897026365,0.5467164928591992
2.241767528410461,-0.4467981159687042,False,-0.6950078852991204,-0.2680788695812225,0.05,0.039489945669088033,-0.26316910386085507,0.28691264707966313,16.584542556568934,92,0.0,,4.516927433445856,3.8241799807128847,17.3731837755726,21.303036070926005,0.5219013108417601
2.1849635852666793,-0.4531722664833069,False,-0.6814743465063736,-0.2719033598899841,0.05,0.057871761429292956,-0.2680788695812225,0.2986300623030968,16.839626747389474,93,0.0,,4.426283281554464,3.87411578806531,17.565035024159318,21.413367651342217,0.497219614638853
2.1550614420849388,-0.45842546224594116,False,-0.664525589702993,-0.2750552773475647,0.05,0.07257418505029278,-0.2719033598899841,0.2791674646646721,17.079151522544954,94,0.0,,4.369330997592042,3.9283600980202786,17.757047930490664,21.51757262827944,0.4725583856855806
2.1445701070846517,-0.462315171957016,False,-0.6444924970386777,-0.27738910317420956,0.05,0.08723190059385555,-0.2750552773475647,0.2945422178745988,17.325966475099243,95,0.0,,4.339340978995208,3.9911490497690916,17.9502368475627,21.61632860354424,0.44784760451551886
2.1522914531326567,-0.46533069014549255,False,-0.6216706975975741,-0.2791984140872955,0.05,0.09862874527600463,-0.27738910317420956,0.2812334719060204,17.560610753027508,96,0.0,,4.332282850221299,4.056772528316889,18.14548877057264,21.710128247982393,0.4230074506342607
2.1705300683053865,-0.467332124710083,False,-0.5964936486067259,-0.2803992748260498,0.05,0.10982179525114466,-0.2791984140872955,0.29811677705590656,17.80301676470347,97,0.0,,4.340769432086266,4.129950938843962,18.343397144298724,21.799223555184476,0.398005776365856
2.1902438553013033,-0.4685327112674713,False,-0.5689319573331929,-0.2811196267604828,0.05,0.11813034389463217,-0.2803992748260498,0.28878552237693134,18.03549888121245,98,0.0,,4.35454233755892,4.204907037249256,18.54410578421881,21.88361039826686,0.37285682056848124
2.2112875842049893,-0.4689512550830841,False,-0.5396549988591625,-0.28137075304985043,0.05,0.12507545525339836,-0.2811196267604828,0.293836946484876,18.267588993484473,99,0.0,,4.3733515392571345,4.283651955826054,18.74774881519072,21.96326606442678,0.3475754366646777
2.234153996313495,-0.4686971604824066,False,-0.5087383391268152,-0.28121829628944395,0.05,0.13156563429800539,-0.28137075304985043,0.30933982606219357,18.50625807028263,100,0.0,,4.397161962639821,4.368264658625789,18.95445969112078,22.038153961222225,0.32217093695218324
2.2589680749445433,-0.46778392791748047,False,-0.47637620968926425,-0.2806703567504883,0.05,0.13579458876933792,-0.28121829628944395,0.30426105324908054,18.73780611515465,101,0.0,,4.426063128789696,4.453370524842049,19.16437686159336,22.108224415701013,0.29665200501184463
2.285467050786335,-0.46631935238838196,False,-0.4430191450975719,-0.27979161143302916,0.05,0.1388600615092037,-0.2806703567504883,0.3103687243801119,18.969813118709762,102,0.0,,4.459313115188688,4.541043630334821,19.377603496402546,22.17340175728676,0.27102623046147833
2.3135803888506645,-0.4643147587776184,False,-0.4087717038696818,-0.278588855266571,0.05,0.14137788320883748,-0.27979161143302916,0.32391166746477784,19.2074046305012,103,0.0,,4.496853074902641,4.632862406461453,19.59423864253444,22.23359671059322,0.24530179216747472
2.3430206898320054,-0.4617401361465454,False,-0.373724000603653,-0.2770440816879272,0.05,0.14218925286900586,-0.278588855266571,0.3222468109935308,19.440613726434027,104,0.0,,4.538646250586409,4.724534295061919,19.81437752732788,22.288707016995964,0.2194899028895949
2.3739858141795507,-0.4587974548339844,False,-0.3383058114962739,-0.2752784729003906,0.05,0.14205248644784163,-0.2770440816879272,0.32871238229995914,19.675103870320427,105,0.0,,4.583938978237415,4.817743406591208,20.03807572987926,22.33861047945893,0.19359529755725724
2.405856813291547,-0.45542052388191223,False,-0.3027078542340948,-0.2732523143291473,0.05,0.1410351625388544,-0.2752784729003906,0.335137016930485,19.91111585710272,106,0.0,,4.63257244681473,4.9121737871420486,20.265377271494675,22.383173108047504,0.16762854969834606
2.438335021896026,-0.4516260623931885,False,-0.2668063766984045,-0.2709756374359131,0.05,0.13943123275948288,-0.2732523143291473,0.3456548208302614,20.151650206899664,107,0.0,,4.684289244868377,5.008545720804685,20.496308797099214,22.422250528713846,0.14160181549777118
2.470999399781293,-0.44738465547561646,False,-0.23109470263296011,-0.26843079328536984,0.05,0.1367574055178764,-0.2709756374359131,0.34708781636374686,20.39094716272836,108,0.0,,4.738982782209297,5.103203457789937,20.730886360526362,22.455690942314348,0.11553082607512843
2.5042308126311434,-0.4428640902042389,False,-0.19574673603011183,-0.2657184541225433,0.05,0.13340802493260284,-0.26843079328536984,0.353210484164516,20.632442989679163,109,0.0,,4.7962273725765785,5.197013448780444,20.96909908274019,22.483334956116813,0.08942456986478264
2.53725443858428,-0.4379764795303345,False,-0.16068489314381584,-0.26278588771820066,0.05,0.12954587991436028,-0.2657184541225433,0.361434054184635,20.877840350934267,110,0.0,,4.8559072824956235,5.290590907485276,21.210924306258846,22.50501790127279,0.06329912830486562
2.569746951465822,-0.43271592259407043,False,-0.12625005544110804,-0.25962955355644224,0.05,0.1249600361926646,-0.26278588771820066,0.36441111220818406,21.1239434436622,111,0.0,,4.917912265856699,5.382815081311343,21.456327459247323,22.520572487090906,0.037172727379551684
2.601917043977644,-0.42718982696533203,False,-0.09266851767926854,-0.2563138961791992,0.05,0.11989412744875327,-0.25962955355644224,0.37002568362676524,21.372808204352925,112,0.0,,4.981969768150295,5.474528169428134,21.705253863873832,22.529830024918425,0.011059391038053867
2.6330414661431147,-0.42132851481437683,False,-0.05979531083353986,-0.2527971088886261,0.05,0.1144135736877323,-0.2563138961791992,0.3762248841477079,21.625101661138974,113,0.0,,5.047971147654183,5.565912253005691,21.957636985963667,22.532621342360084,-0.0150208042436355
2.6628088517294635,-0.41518163681030273,False,-0.028028976099539325,-0.24910898208618162,0.05,0.10850994519669932,-0.2527971088886261,0.3802626127920295,21.879646926878817,114,0.0,,5.1154918904267905,5.656641947785042,22.213382726512336,22.52877954671633,-0.04104771337345614
2.6898553796735967,-0.408735454082489,False,0.0025658252077910538,-0.2452412724494934,0.05,0.10230403666406174,-0.24910898208618162,0.3852331919674526,22.137307826700148,115,0.0,,5.183489568005661,5.74703051414813,22.47233889211466,22.518144014261402,-0.06699408930788797
2.7142124078191854,-0.40203455090522766,False,0.03198194551991704,-0.24122073054313659,0.05,0.09583139998854184,-0.2452412724494934,0.3896818339965404,22.397953898358175,116,0.0,,5.251879133036181,5.837018316783631,22.734343780988695,22.500564927932544,-0.09283448223263946
2.735066062400203,-0.39504680037498474,False,0.05988972437426544,-0.23702808022499083,0.05,0.0891680905401504,-0.24122073054313659,0.39355847010089884,22.661393514929653,117,0.0,,5.320264657620546,5.922684663920823,22.99921155379136,22.475905183441327,-0.11853871161230556
2.752076947724544,-0.38781771063804626,False,0.08649905356010151,-0.23269062638282775,0.05,0.08240056598345546,-0.23702808022499083,0.398280391195607,22.92835568533633,118,0.0,,5.38817168625393,5.999384419195231,23.26672956601634,22.444044573959317,-0.14407684502725893
2.764514919014507,-0.3803272545337677,False,0.11139991358871117,-0.22819635272026062,0.05,0.07555646556044682,-0.23269062638282775,0.4011851471541911,23.197759280470084,119,0.0,,5.455184375929105,6.0709662150021355,23.536662691939853,22.40488210509416,-0.16941526375434046
2.771917760586052,-0.37260687351226807,False,0.13484661420443997,-0.22356412410736085,0.05,0.06877800265691913,-0.22819635272026062,0.40604178836882365,23.471015265669465,120,0.0,,5.520756420179573,6.136629279445925,23.808748624512752,22.358340468645494,-0.19451977434689338
2.77358068714685,-0.3646408021450043,False,0.15653350966816443,-0.21878448128700256,0.05,0.062044474335827715,-0.22356412410736085,0.40806605255106415,23.746308648443257,121,0.0,,5.584421889577251,6.195485477416134,24.082703778939575,22.30436831874437,-0.21935296874006305
2.76925877286873,-0.3564891517162323,False,0.1765926961432276,-0.21389349102973937,0.05,0.05555199362351937,-0.21878448128700256,0.412919398175677,24.0255784342765,122,0.0,,5.645542117183443,6.246856095260248,24.358217086804913,22.242945345181298,-0.2438790347527484
2.75831172060625,-0.3480896055698395,False,0.19500478512641503,-0.20885376334190367,0.05,0.049236840016299244,-0.21389349102973937,0.41413507856154524,24.306426827783636,123,0.0,,5.704015228746138,6.289414924961628,24.63497836202574,22.174078293098603,-0.26805771950367063
2.7434084608868607,-0.3395305275917053,False,0.21170426429774045,-0.20371831655502318,0.05,0.04325089420363737,-0.20885376334190367,0.4169919156119451,24.58995055380577,124,0.0,,5.761914576325524,6.3226452291619974,24.912785369972966,22.097773540313522,-0.2918641160108226
2.7246631334567777,-0.3307842016220093,False,0.22691414431083812,-0.19847052097320556,0.05,0.03776256786630583,-0.20371831655502318,0.4221127610389618,24.877653220524525,125,0.0,,5.819701704029219,6.345452546041741,25.191464452304547,22.014046072416015,-0.3152730746827972
2.702088407620089,-0.3218170702457428,False,0.24066778705844646,-0.19309024214744566,0.05,0.032661065915958076,-0.19847052097320556,0.42298580847606804,25.166680957331444,126,0.0,,5.8778323799623555,6.370800884043586,25.470870664900087,21.922917305934998,-0.3382584903339101
2.676844889951636,-0.31272584199905396,False,0.2530147536633024,-0.18763550519943237,0.05,0.027985862076503665,-0.19309024214744566,0.4261562663268995,25.458531144936543,127,0.0,,5.93682953612851,6.41103053018087,25.750891324543947,21.824412014070873,-0.3608028877573304
2.6488783403277116,-0.3034628629684448,False,0.26406445829939085,-0.18207771778106688,0.05,0.02370324561281212,-0.18763550519943237,0.4295628688199702,25.753320372947506,128,0.0,,5.9972786709380115,6.45966785661753,26.03144812452417,21.71855238707797,-0.3828868902330185
2.6185248672403723,-0.29403138160705566,False,0.27391825106690126,-0.1764188289642334,0.05,0.0197926524069838,-0.18207771778106688,0.43324598218945076,26.051187595207068,129,0.0,,6.059776154741995,6.5170651233972805,26.312497500748567,21.60535580701555,-0.40449267896492813
2.5859513755926438,-0.28443339467048645,False,0.2826692643525827,-0.17066003680229186,0.05,0.016232210239989886,-0.1764188289642334,0.4372415356319402,26.352292795984013,130,0.0,,6.12479690770211,6.58387327012476,26.594024456035285,21.484834371791422,-0.42560318609326053
2.550468567931916,-0.2746697962284088,False,0.2904080977070612,-0.16480187773704527,0.05,0.013093467399792669,-0.17066003680229186,0.4440209636317619,26.65844249923284,131,0.0,,6.19185073510312,6.661283683094189,26.87599819957619,21.357012829131275,-0.44619855149404986
2.5111684507734013,-0.2646862268447876,False,0.2971859918741906,-0.15881173610687255,0.05,0.010106000608638421,-0.16480187773704527,0.4443156735144992,26.965261121588615,132,0.0,,6.26080592734021,6.748883589917227,27.158390001259054,21.221923608644026,-0.46625322560403504
2.4690894440917233,-0.2546393871307373,False,0.30308805351862106,-0.15278363227844238,0.05,0.007435634739634267,-0.15881173610687255,0.45003180198872983,27.27631191250631,133,0.0,,6.331420029674664,6.84043752339672,27.441169862305877,21.079611454676936,-0.4857519275738884
2.422752233560824,-0.24440637230873108,False,0.30816625890543514,-0.14664382338523865,0.05,0.0050548712721494304,-0.15278363227844238,0.4558206934814281,27.591592137383685,134,0.0,,6.403659320182783,6.9320008691278066,27.724315389685472,20.93012653220199,-0.5046688632853567
2.3718847779849788,-0.23399707674980164,False,0.3124676674448142,-0.14039824604988096,0.05,0.0029161375140906998,-0.14664382338523865,0.46104854026568326,27.910676642277156,135,0.0,,6.47742778964654,7.023454407859469,28.007811233487786,20.773529011557418,-0.5229777109870337
2.316315620879725,-0.22343093156814575,False,0.3160345707593841,-0.13405855894088745,0.05,0.0010003169360777164,-0.14039824604988096,0.4664866594959388,28.23365503137204,136,0.0,,6.552624503860438,7.114829943287304,28.29164988292949,20.609889649530462,-0.540652427579714
2.255697301555416,-0.21270856261253357,False,0.31890350236353393,-0.12762513756752014,0.05,-0.000710044359641504,-0.13405855894088745,0.472124232641797,28.56061040954458,137,0.0,,6.629164925072171,7.20615631073631,28.575833254557814,20.43928959003611,-0.5576658623565751
2.1897054108413117,-0.20183265209197998,False,0.3211321167008542,-0.12109959125518799,0.05,-0.00229597645243107,-0.12762513756752014,0.4758365093089273,28.890212242593535,138,0.0,,6.706970065318588,7.297067749981525,28.860373999322103,20.261820766825718,-0.5739899654129177
2.1185208417370376,-0.1908533126115799,False,0.3228403329520243,-0.11451198756694793,0.05,-0.003662542436138061,-0.12109959125518799,0.484023061940179,29.22540447179228,139,0.0,,6.785921529977029,7.388357578615621,29.14529488229383,20.077587442006003,-0.5895996422444165
2.0407354910649826,-0.17967119812965393,False,0.3239383146045516,-0.10780271887779236,0.05,-0.004868535220592829,-0.11451198756694793,0.49018562988554026,29.56479119572179,140,0.0,,6.866019469207574,7.47966755888126,29.430634071496204,19.886702383700815,-0.6044607673855351
1.956616934573286,-0.16834385693073273,False,0.32452470526053967,-0.10100631415843964,0.05,-0.005982363952863778,-0.10780271887779236,0.49470627363056807,29.90723833383302,141,0.0,,6.947177869187292,7.570682016974204,29.716443981712537,19.68929190756683,-0.6185428664149226
1.8662687220727787,-0.15691082179546356,False,0.3246289648267029,-0.09414649307727814,0.05,-0.006926965401392149,-0.10100631415843964,0.5030540048648735,30.255259763385652,142,0.0,,7.029300719797747,7.66206738994778,30.002791065406537,19.48549539340794,-0.6318177908808549
1.7684107679548926,-0.14529094099998474,False,0.324244834311061,-0.08717456459999084,0.05,-0.007784763936185435,-0.09414649307727814,0.5080998170613207,30.606616238833613,143,0.0,,7.1123913564461665,7.753240898378432,30.289760136235817,19.2754619927177,-0.6442496909221269
1.6632374412259954,-0.13356426358222961,False,0.323428532607023,-0.08013855814933776,0.05,-0.008503983659065462,-0.08717456459999084,0.5164033023573158,30.963445906291444,144,0.0,,7.195497344353096,7.844746950630065,30.577418356759868,19.059381676061097,-0.655807178623316
1.545689693338875,-0.12166401743888855,False,0.32219300013008534,-0.07299841046333312,0.05,-0.00914678609704822,-0.08013855814933776,0.5211129406875613,31.3233205862964,145,0.0,,7.269227631429529,7.935963648134886,30.865481844401785,18.83774322501656,-0.6664389112619795
1.4196085107131498,-0.10967028886079788,False,0.32052316252825136,-0.06580217331647872,0.05,-0.009677910830755199,-0.07299841046333312,0.5271055287849682,31.68706237432783,146,0.0,,7.338722316182493,8.0,31.153903934060953,18.610906695150387,-0.6761109525898195
1.285112352859585,-0.09756705164909363,False,0.31852300294030217,-0.058540230989456175,0.05,-0.010113702220435616,-0.06580217331647872,0.5338122334488336,32.05512264946563,147,0.0,,7.4039774516713095,8.0,31.442663585244915,18.379249471843497,-0.6847894795116529
1.142363739246994,-0.08533453196287155,False,0.31614903149218065,-0.05120071917772293,0.05,-0.0104678353298433,-0.058540230989456175,0.5381252304441134,32.42587808826374,148,0.0,,7.465249219231821,8.0,31.73177485323501,18.143157245194114,-0.6924406891745805
0.992569293493904,-0.07303255051374435,False,0.3134322995657729,-0.04381953030824661,0.05,-0.0107284366477991,-0.05120071917772293,0.5433306985025711,32.79989906096214,149,0.0,,7.522765350697492,8.0,32.02128476526761,17.90302393401257,-0.6990377930800071
0.8359939985266938,-0.06065061688423157,False,0.31041141837715736,-0.03639037013053894,0.05,-0.010899430077771832,-0.04381953030824661,0.5488867224307353,33.177398231432456,150,0.0,,7.576741406421123,8.0,32.31127003459481,17.659249305671818,-0.7045546370217721
0.6729739991798958,-0.04818536713719368,False,0.3071218281031056,-0.028911220282316206,0.05,-0.011004171054475265,-0.03639037013053894,0.5528859376861742,33.55731999168223,151,0.0,,7.627380678652188,8.0,32.60183513453523,17.412238652583117,-0.7089662038986124
0.5042748428689955,-0.03566540405154228,False,0.3035665014843165,-0.021399242430925367,0.05,-0.011027542994976436,-0.028911220282316206,0.5573999328334601,33.93999060243097,152,0.0,,7.67487492807755,8.0,32.893110197195156,17.16240250472509,-0.71225143556424
0.3957671751698471,-0.02767075225710869,False,0.29977343153502933,-0.01660245135426521,0.05,-0.01139857116682208,-0.021399242430925367,0.5617024270441547,34.32525403979251,153,0.0,,7.719405034353373,8.0,33.18524814481565,16.910155691522064,-0.7148148920314714
0.40204887209706736,-0.027808405458927155,False,0.29560396452631255,-0.016685043275356293,0.05,-0.012888388541729245,-0.01660245135426521,0.5658107641109358,34.71296030948825,154,0.0,,7.761141612200894,8.0,33.47831451317863,16.65579295536339,-0.7174050320661864
0.4084770374044021,-0.02797042578458786,False,0.2906162392230044,-0.016782255470752714,0.05,-0.015519634037885588,-0.016685043275356293,0.5697716165456065,35.10296225883277,155,0.0,,7.800245592512878,8.0,33.77219433448165,16.39938658085273,-0.7200233921713894
0.4151692061434077,-0.028163550421595573,False,0.28435332910504785,-0.016898130252957343,0.05,-0.01931419623444741,-0.016782255470752714,0.5736296362691733,35.49511467791404,156,0.0,,7.83686877058448,8.0,34.066778432448274,16.141004132641566,-0.7226722128821672
0.4222858032037231,-0.028397254645824432,False,0.2763443991404714,-0.01703835278749466,0.05,-0.02429348675417886,-0.016898130252957343,0.5774161516204611,35.88926994101689,157,0.0,,7.871154323321473,8.0,34.361962867563534,15.880708483005346,-0.7253547025517735
0.43005434241691465,-0.02868528477847576,False,0.26610573006631827,-0.017211170867085457,0.05,-0.030478710371416806,-0.01703835278749466,0.5811476979601224,36.28527352833143,158,0.0,,7.903237297181532,8.0,34.65764832806157,15.618557747952083,-0.7280754505582285
0.4388120978915723,-0.029048360884189606,False,0.2531416315696046,-0.017429016530513763,0.05,-0.037891235894949915,-0.017211170867085457,0.5848220361378328,36.68295942989038,159,0.0,,7.933245068504494,8.0,34.9537394236645,15.354605088565913,-0.7308411037940883
0.44908561764116994,-0.029519211500883102,False,0.23694522286025274,-0.01771152690052986,0.05,-0.04655328654243096,-0.017429016530513763,0.5884131804592795,37.082145428540294,160,0.0,,7.961297777793889,8.0,35.25014380722269,15.088898300594185,-0.733661533516575
0.461749962212748,-0.03015265427529812,False,0.21699897033222765,-0.01809159256517887,0.05,-0.05648943473073498,-0.01771152690052986,0.5918653521978742,37.482628247566964,161,0.0,,7.987508739423583,8.0,35.546770985823585,14.821479048162361,-0.7365519839516006
0.476949417988875,-0.031047802418470383,False,0.19281394689207906,-0.018628681451082228,0.05,-0.06771226413776832,-0.01809159256517887,0.5941863653146363,37.883580566696,162,0.0,,8.0,8.0,35.84308663378748,14.552783985364886,-0.7395329178140311
0.4977024430780902,-0.032398421317338943,False,0.163914670268538,-0.019439052790403366,0.05,-0.08024268156317405,-0.018628681451082228,0.595323201507076,38.28420200476797,163,0.0,,8.0,8.0,36.13860000420171,14.283206820333392,-0.7426435580832691
0.5322807976814302,-0.03464870527386665,False,0.12978666109670187,-0.02078922316431999,0.05,-0.09415392051173921,-0.019439052790403366,0.5960143252705715,38.684275518825636,164,False,,8.0,8.0,36.43327338867828,14.012711725218667,-0.7459703130687778
0.600475040183563,-0.03908625990152359,False,0.08989016655150725,-0.023451755940914153,0.05,-0.10963641587283623,-0.02078922316431999,0.5959941709976314,39.08353653489553,165,False,,8.0,8.0,36.72704527329079,13.74123782258489,-0.7497232820699251
0.7870955057774489,-0.051227059215307236,False,0.04361497442822041,-0.03073623552918434,0.05,-0.12740247356519685,-0.023451755940914153,0.5948919703905685,39.481660421613675,166,False,,8.0,8.0,37.01979625830055,13.468663317585225,-0.754642628981034
1.813873948168928,-0.1322944313287735,False,-0.009750456895514653,-0.07073623552918434,0.05,-0.1492113349028572,-0.03073623552918434,0.4691526772937044,39.79633093548941,167,False,,8.0,0.0,37.31120281789336,13.194651972881614,-0.7659793411570899
2.740749464686721,-1.0,False,-0.06809883055580238,-0.11073623552918435,0.05,-0.16666833786264545,-0.07073623552918434,-0.022990965159236265,39.79633093548941,168,False,,7.85,0.0,37.594079052178174,12.922554038165373,-0.7834363441168781
3.602184215570064,-0.3925909996032715,False,-0.1319694761375383,-0.15073623552918436,0.05,-0.19005914445725614,-0.11073623552918435,-0.016693209424855655,39.79633093548941,169,False,,7.699999999999999,0.0,37.86684871676122,12.650852528999057,-0.8068271507114888
4.402494886674246,-0.343688428401947,False,-0.2032856341070448,-0.19073623552918437,0.05,-0.21921473973324446,-0.15073623552918436,-0.013264907616884801,39.79633093548941,170,False,,7.549999999999999,0.0,38.12800057900408,12.378261342701546,-0.8359827459874771
4.7920949084514675,-0.3589726984500885,False,-0.28374702638926275,-0.2153836190700531,0.05,-0.25159375938494355,-0.19073623552918437,-0.022093998091401293,39.79633093548941,171,False,,7.399999999999999,0.0,38.376066654427774,12.103737714895326,-0.8683617656391762
4.841880996088005,-0.37724220752716064,False,-0.37399062478905054,-0.22634532451629638,0.05,-0.28498604211658485,-0.2153836190700531,-0.034930807415619824,39.79633093548941,172,False,,7.249999999999998,0.0,38.61026986827807,11.8270517835179,-0.9017540483708175
4.799023755605062,-0.38942110538482666,True,-0.4737967648190171,-0.23365266323089598,0.05,-0.3187819840574657,-0.22634532451629638,-12.052605349925514,39.79633093548941,173,False,collision,7.099999999999998,0.0,38.83045330017805,11.548584090029507,-0.9355499903116984
