index,kappa,s,v_ref,x,y,yaw
0,0.0,0.0,0.0,4.25,13.25,0.0
1,0.0,0.17402969635434662,0.8343373331077704,4.424029696354347,13.25,0.0
2,0.0,0.34805939270869324,1.1799311720752075,4.598059392708693,13.25,0.0
3,0.0,0.5220890890630399,1.4451146515941768,4.77208908906304,13.25,0.0
4,0.0,0.6961187854173865,1.6686746662155405,4.9461187854173865,13.25,0.0
5,0.0,0.8701484817717331,1.8656349929948601,5.120148481771733,13.25,0.0
6,0.0,1.0441781781260797,2.043700739468555,5.29417817812608,13.25,0.0
7,0.0,1.2182078744804254,2.2074490929400166,5.4682078744804254,13.25,0.0
8,0.0,1.392237570834773,2.359862344150415,5.642237570834773,13.25,0.0
9,0.0,1.5662672671891187,2.50301199932331,5.816267267189119,13.25,0.0
10,0.0,1.7402969635434662,2.6384063095311654,5.990296963543466,13.25,0.0
11,0.0,1.914326659897812,2.450010861618476,6.164326659897812,13.25,0.0
12,0.0,2.0883563562521594,2.2267409018389235,6.338356356252159,13.25,0.0
13,0.0,2.262386052606505,1.978432931841852,6.512386052606505,13.25,0.0
14,0.0,2.436415748960852,1.69411295009225,6.686415748960852,13.25,0.0
15,0.0,2.6104454453151984,1.3512366593399494,6.860445445315198,13.25,0.0
16,0.02329701214488621,2.784475141669545,0.8841166955883749,7.034475141669545,13.25,0.0
17,0.13031513249938328,2.9585048380238916,0.4550042362703123,7.208504838023892,13.25,0.008108743899076145
18,0.21876968529052188,3.055358549232043,0.5902606533121677,7.305350834809769,13.251222408009589,0.02524302786976147
19,0.2606304658321109,3.152212260440193,0.8578009580789165,7.40213512359072,13.254888853148556,0.05048605573952847
20,0.2606304658321532,3.2490659716483443,1.0598289147375215,7.498796035680724,13.260996999243776,0.07572908360925956
21,0.2606304658323099,3.3459196828564943,1.229085909668772,7.595271981006494,13.269542954327363,0.10097211147903479
22,0.2606304658322314,3.442773394064646,1.3777035305822949,7.691501487351249,13.280521273116543,0.12621513934879633
23,0.26063046583226235,3.5396271052727966,1.5117810234989464,7.787423239523357,13.29392496048325,0.15145816721855646
24,0.2606304658322426,3.636480816480947,1.6348996017627881,7.882976118424956,13.309745475911269,0.17670119508832366
25,0.26063046583216365,3.7333345276890983,1.7493746175924494,7.978099239995606,13.327972738938048,0.20194422295808018
26,0.2606304658322418,3.8301882388972475,1.856805428015904,8.072731994006187,13.348595135577732,0.22718725082783175
27,0.26063046583226557,3.927041950105399,1.9583516646256183,8.16681408267833,13.37159952572133,0.2524302786976034
28,0.260630465832167,4.023895661313551,2.0548859061209552,8.260285559104743,13.396971251509276,0.2776733065673604
29,0.2606304658322216,4.1207493725217015,2.1470842861907267,8.353086865445976,13.424694146671081,0.30291633443711274
30,0.2606304658322367,4.217603083729853,2.101490773571854,8.445158870879295,13.454750546826101,0.32815936230688003
31,0.26063046583226646,4.314456794938002,1.9583516548768083,8.536442909275452,13.487121300738863,0.3534023901766351
32,0.26063046583233684,4.411310506146153,1.8038899458974296,8.626880816579373,13.521785782521796,0.37864541804640794
33,0.2606304658321912,4.508164217354304,1.6348995900852514,8.716414967870932,13.558721904777553,0.4038884459161772
34,0.2606304658321177,4.6050179285624555,1.4462967891867888,8.804988314082207,13.597906132672582,0.4291314737859219
35,0.260630465832286,4.701871639770606,1.2290858941356018,8.892544418347807,13.639313498932985,0.4543745016556766
36,0.260630465832258,4.7987253509787555,0.9641212931546603,8.979027491965127,13.682917619753074,0.47961752952545356
37,0.21840401064216008,4.895579062186908,0.5902606209678071,9.064382429941608,13.72869071160651,0.5048605573952033
38,0.13031512613423613,4.992432773395057,0.4583983078414154,9.148554846106338,13.776603608949326,0.5219240074723293
39,0.022931341564322416,5.170782081256152,0.9060615011825756,9.30242654971966,13.866781069778877,0.530103585264971
40,-9.769962616701378e-15,5.349131389117246,1.2386866736062019,9.456298253332983,13.956958530608427,0.530103585264976
41,-4.374278717023117e-14,5.5274806969783405,1.4992471133252103,9.610169956946306,14.047135991437978,0.5301035852649674
42,2.375877272697835e-14,5.705830004839435,1.720796076895329,9.764041660559629,14.137313452267529,0.5301035852649605
43,2.4868995751603507e-14,5.884179312700529,1.916908023276738,9.917913364172952,14.227490913097078,0.530103585264976
44,-4.8627768478581856e-14,6.062528620561624,2.09473950675188,10.071785067786275,14.31766837392663,0.5301035852649691
45,1.865174681370263e-14,6.2408779284227185,2.2586125901959124,10.225656771399597,14.40784583475618,0.5301035852649587
46,2.2870594307278225e-14,6.419227236283812,2.41137472493096,10.37952847501292,14.49802329558573,0.530103585264976
47,1.687538997430238e-14,6.597576544144907,2.5550196272201595,10.533400178626243,14.588200756415281,0.5301035852649667
48,1.9761969838327786e-14,6.775925852006001,2.6910077158798,10.687271882239566,14.67837821724483,0.5301035852649822
49,-2.9531932455029164e-14,6.9542751598670955,2.8204467302838743,10.841143585852889,14.768555678074382,0.5301035852649736
50,-1.2434497875801753e-14,7.13262446772819,2.944200568883407,10.995015289466211,14.858733138903933,0.5301035852649717
51,5.329070518200751e-15,7.310973775589282,3.062958409978455,11.148886993079532,14.948910599733482,0.5301035852649691
52,-6.8833827526759706e-15,7.489323083450377,3.177280512120723,11.302758696692855,15.039088060563033,0.5301035852649736
53,-2.7977620220553945e-14,7.667672391311472,3.2876296452226033,11.456630400306178,15.129265521392584,0.5301035852649667
54,1.9317880628477724e-14,7.8460216991725655,3.394393305966602,11.6105021039195,15.219442982222134,0.5301035852649638
55,2.7533531010703882e-14,8.02437100703366,3.3943930906538062,11.764373807532824,15.309620443051685,0.5301035852649736
56,-1.0436096431476471e-14,8.202720314894753,3.232925703865113,11.918245511146146,15.399797903881236,0.5301035852649736
57,0.0,8.381069622755847,3.062958171367212,12.07211721475947,15.489975364710785,0.5301035852649699
58,-7.105427357601002e-15,8.55941893061694,2.882987497783959,12.225988918372792,15.580152825540337,0.5301035852649736
59,-2.7533531010703882e-14,8.737768238478035,2.691007444287743,12.379860621986115,15.670330286369888,0.5301035852649674
60,1.7541523789077473e-14,8.916117546339128,2.484235338699916,12.533732325599438,15.760507747199437,0.5301035852649638
61,4.463096558993129e-14,9.094466854200222,2.2586122666095045,12.68760402921276,15.850685208028988,0.5301035852649736
62,-4.463096558993129e-14,9.272816162061316,2.00779319744648,12.841475732826083,15.94086266885854,0.5301035852649797
63,-2.7533531010703882e-14,9.45116546992241,1.7207956521754104,12.995347436439406,16.03104012968809,0.5301035852649577
64,3.441691376337985e-14,9.629514777783502,1.3751515659661824,13.149219140052729,16.121217590517638,0.5301035852649699
65,-0.023191903717791895,9.807864085644596,0.9060606945523466,13.303090843666052,16.21139505134719,0.5301035852649699
66,-0.1303152501908902,9.98621339350569,0.4640288100702685,13.456962547279375,16.30157251217674,0.5218310653128713
67,-0.21866475408883135,10.084775660826335,0.6006728160614274,13.54263066859972,16.350311547136705,0.5044152313428248
68,-0.2606307121425475,10.183337928146978,0.8689401022151862,13.629522413524931,16.396834070748803,0.4787268774206588
69,-0.2606307121423419,10.281900195467621,1.0720568877257919,13.71758044608181,16.44110938488205,0.4530385234984981
70,-0.26063071214230105,10.380462462788264,1.2423989052646836,13.80674666071615,16.48310827423842,0.42735016957637256
71,-0.26063071214250444,10.47902473010891,1.392050325629596,13.896962220634002,16.522803025630697,0.40166181565421943
72,-0.2606307121424918,10.577586997429552,1.5271061450888201,13.988167596625425,16.560167446269173,0.3759734617320538
73,-0.26063071214244093,10.676149264750196,1.6511517942486722,14.08030260634516,16.595176881045106,0.35028510780990363
74,-0.2606307121424285,10.774711532070839,1.7665082272475219,14.173306454024262,16.627808228799505,0.32459675388774806
75,-0.26063071214235434,10.873273799391482,1.8747800900947702,14.267117770586498,16.658039957566576,0.2989083999656003
76,-0.26063071214244315,10.971836066712125,1.9771316232103333,14.361674654143073,16.68585211878167,0.2732200460434594
77,-0.2606307121424343,11.07039833403277,2.0744393278138813,14.456914710838895,16.711226360444485,0.24753169212129367
78,-0.26063071214248434,11.168960601353412,2.1673826598142454,14.552775096023497,16.73414593922869,0.22184333819915503
79,-0.26063071214250744,11.267522868674057,2.256500977918258,14.649192555719416,16.75459573153013,0.19615498427697933
80,-0.2606307121423811,11.3660851359947,2.342230930678832,14.746103468360644,16.7725622434462,0.17046663035483572
81,-0.2606307121423549,11.464647403315343,2.4249319169641033,14.843443886773667,16.788033619679865,0.14477827643268537
82,-0.26063071214248945,11.563209670635986,2.5049039644652593,14.941149580373335,16.800999651362453,0.11908992251054693
83,-0.2606307121425884,11.66177193795663,2.5824006157984756,15.039156077545751,16.811451782790016,0.09340156858837007
84,-0.2606307121423279,11.760334205277275,2.657638427205425,15.13739870819021,16.819383117068856,0.06771321466621165
85,-0.26063071214218814,11.858896472597916,2.730804108507509,15.235812646392088,16.824788420666497,0.04202486074408661
86,-0.2606307121424772,11.95745873991856,2.802059982998948,15.334332953198581,16.827664126865034,0.016336506821956198
87,-0.26063071214248923,12.056021007239204,2.8715482265855545,15.432894619469003,16.828008338114664,-0.009351847100226754
88,-0.2606307121423256,12.154583274559846,2.93939420406471,15.5314326087714,16.82582082728579,-0.03504020102235907
89,-0.260630712142559,12.25314554188049,3.005709127006768,15.629881900297201,16.82110303781889,-0.06072855494450976
90,-0.26063071214252553,12.351707809201134,3.0705921945863084,15.72817753176552,16.81385808277207,-0.08641690886668855
91,-0.26063071214238065,12.450270076521779,3.0971141257292514,15.826254642288868,16.80409074276688,-0.11210526278883265
92,-0.2606307121423572,12.548832343842424,3.097114125729391,15.924048515171947,16.791807462833805,-0.13779361671098334
93,-0.26063071214248534,12.647394611163065,3.0971141257286297,16.021494620615297,16.77701634815947,-0.16348197063312192
94,-0.26063071214243705,12.74595687848371,3.0971141257289165,16.11852865829563,16.759727158738396,-0.1891703245552978
95,-0.2606307121422947,12.844519145804353,3.097114125729762,16.215086599794727,16.73995130293282,-0.2148586784774274
96,-0.26063071214246136,12.943081413124997,3.0971141257287718,16.311104730848932,16.717701829944822,-0.24054703239957473
97,-0.2606307121425855,13.04164368044564,3.0971141257280346,16.406519693391335,16.692993421205735,-0.2662353863217372
98,-0.26063071214253486,13.140205947766285,3.097114125728335,16.501268527358935,16.665842380688538,-0.29192374024390944
99,-0.2606307121422864,13.238768215086928,3.0971141257298114,16.595288712237153,16.636266624149584,-0.3176120941660619
100,-0.2606307121422913,13.337330482407573,3.0971141257297825,16.688518208314342,16.604285667306808,-0.34330044808818516
101,-0.2606307121425009,13.435892749728216,3.038323861315165,16.780895497618992,16.569920612962157,-0.3689888020103386
102,-0.26063071214247246,13.53445501704886,2.9393942032863225,16.872359624512704,16.533194137076812,-0.3946771559325027
103,-0.2606307121424156,13.633017284369503,2.837016862549353,16.96285023591208,16.49413047380833,-0.4203655098546506
104,-0.26063071214249334,13.731579551690148,2.7308041076696634,17.05230762111302,16.452755399519614,-0.44605386377680395
105,-0.2606307121424929,13.830141819010791,2.620289577611919,17.140672751191143,16.409096215770234,-0.4717422176989671
106,-0.2606307121423903,13.928704086331434,2.504903963551854,17.22788731795234,16.36318173130136,-0.4974305716211199
107,-0.2606307121423983,14.027266353652081,2.3839400711204775,17.313893772407738,16.31504224302616,-0.5231189255432638
108,-0.26063071214247113,14.125828620972724,2.2565009769042974,17.398635362747687,16.26470951603822,-0.5488072794654182
109,-0.2606307121423459,14.224390888293364,2.12142005619967,17.482056171789758,16.212216762651188,-0.5744956333875745
110,-0.26063071214227973,14.322953155614009,1.9771316220531048,17.56410115387599,16.15759862048344,-0.6001839873097048
111,-0.26063071214243916,14.421515422934654,1.8214488318364783,17.644716171195036,16.10089112960229,-0.6258723412318493
112,-0.26063071214257594,14.520077690255297,1.6511517928629738,17.723848029505298,16.042131708742733,-0.6515606951540107
113,-0.2606307121425142,14.61863995757594,1.4611395002362895,17.801444513235424,15.981359130616525,-0.6772490490761817
114,-0.2606307121423699,14.717202224896585,1.242398903423085,17.877454419939024,15.918613496327787,-0.7029374029983313
115,-0.2606307121423761,14.815764492217232,0.9757978434609307,17.95182759408087,15.853936208912087,-0.7286257569204748
116,-0.2186238234346054,14.914326759537873,0.6006728122523561,18.02451496013229,15.787369946016437,-0.7543141108426247
117,-0.13031524945413797,15.012889026858518,0.4644163308046912,18.095468554953918,15.718958631738209,-0.7717218763765198
118,-0.02315097353896034,15.191727907528437,0.9085478560743845,18.22260722634214,15.593184614242915,-0.7800024647647777
119,-2.7977620220553945e-14,15.370566788198357,1.241295585046946,18.34974589773037,15.467410596747623,-0.7800024647647728
120,-2.7977620220553945e-14,15.549405668868275,1.5020553425678804,18.476884569118592,15.341636579252329,-0.7800024647647879
121,4.218847493575595e-14,15.728244549538193,1.7238114092952237,18.604023240506816,15.215862561757035,-0.7800024647647829
122,0.0,15.907083430208111,1.9201253337988273,18.73116191189504,15.090088544261741,-0.7800024647647728
123,-5.595524044110789e-14,16.08592231087803,2.0981508096835486,18.858300583283267,14.964314526766449,-0.7800024647647829
124,0.0,16.264761191547947,2.262209615145202,18.98543925467149,14.838540509271155,-0.7800024647647928
125,5.595524044110789e-14,16.443600072217865,2.415149656964362,19.112577926059714,14.712766491775861,-0.7800024647647829
126,-1.4210854715202004e-14,16.622438952887784,2.558965296406879,19.239716597447938,14.586992474280569,-0.7800024647647728
127,-4.218847493575595e-14,16.801277833557705,2.6951176061341804,19.366855268836165,14.461218456785275,-0.7800024647647879
128,4.218847493575595e-14,16.980116714227623,2.824714929612209,19.49399394022439,14.335444439289981,-0.7800024647647879
129,1.4210854715202004e-14,17.15895559489754,2.9486217045008978,19.621132611612612,14.209670421794689,-0.7800024647647728
130,-2.7977620220553945e-14,17.337794475567463,3.0675275840542113,19.74827128300084,14.083896404299395,-0.7800024647647827
131,-1.4654943925052066e-14,17.51663335623738,3.181993243489549,19.875409954389063,13.958122386804101,-0.7800024647647829
132,4.218847493575595e-14,17.6954722369073,3.2924818183693607,20.002548625777287,13.832348369308807,-0.7800024647647879
133,1.4210854715202004e-14,17.874311117577218,3.39938112705423,20.12968729716551,13.706574351813515,-0.7800024647647678
134,-2.7977620220553945e-14,18.05314999824714,3.5030197786555775,20.256825968553738,13.580800334318221,-0.7800024647647827
135,2.7533531010703882e-14,18.231988878917058,3.6036791050719046,20.38396463994196,13.455026316822927,-0.7800024647647777
136,-1.4210854715202004e-14,18.410827759586976,3.7016021686577174,20.511103311330185,13.329252299327635,-0.7800024647647728
137,-4.218847493575595e-14,18.589666640256898,3.7970006765460558,20.638241982718412,13.203478281832341,-0.7800024647647827
138,0.0,18.768505520926816,3.890060367188519,20.765380654106636,13.077704264337047,-0.7800024647647879
139,1.4210854715202004e-14,18.947344401596734,3.980945262503687,20.89251932549486,12.951930246841755,-0.7800024647647827
140,1.3766765505351941e-14,19.126183282266652,4.0698010646382,21.019657996883083,12.826156229346461,-0.7800024647647829
141,-1.4210854715202004e-14,19.30502216293657,4.156757898700609,21.146796668271307,12.700382211851167,-0.7800024647647777
142,-1.4210854715202004e-14,19.483861043606492,4.24193254909712,21.273935339659534,12.574608194355873,-0.7800024647647879
143,2.842170943040401e-14,19.66269992427641,4.325430299261481,21.401074011047758,12.448834176860581,-0.7800024647647827
144,-1.4210854715202004e-14,19.841538804946328,4.241932409072321,21.52821268243598,12.323060159365287,-0.7800024647647777
145,-1.4210854715202004e-14,20.02037768561625,4.11350911985358,21.65535135382421,12.197286141869993,-0.7800024647647879
146,1.4654943925052066e-14,20.199216566286168,3.9809451132989846,21.782490025212432,12.0715121243747,-0.7800024647647829
147,1.4210854715202004e-14,20.378055446956086,3.8438120025671854,21.909628696600656,11.945738106879407,-0.7800024647647827
148,1.4210854715202004e-14,20.556894327626004,3.7016020081932157,22.03676736798888,11.819964089384113,-0.7800024647647777
149,-7.105427357601002e-15,20.735733208295926,3.55370569167461,22.163906039377107,11.69419007188882,-0.7800024647647777
150,-2.1316282072803006e-14,20.914572088965844,3.399380952323674,22.29104471076533,11.568416054393527,-0.7800024647647803
151,1.3766765505351941e-14,21.093410969635762,3.237708692115691,22.418183382153554,11.442642036898233,-0.7800024647647853
152,0.0,21.272249850305684,3.0675273904208202,22.54532205354178,11.31686801940294,-0.7800024647647753
153,-3.5083047578154947e-14,21.451088730975602,2.8873328535107374,22.672460724930005,11.191094001907647,-0.7800024647647853
154,1.4210854715202004e-14,21.62992761164552,2.6951173857446262,22.79959939631823,11.065319984412353,-0.7800024647647879
155,2.1316282072803006e-14,21.80876649231544,2.488096549357247,22.926738067706452,10.93954596691706,-0.7800024647647803
156,0.0,21.987605372985357,2.262209352580775,23.053876739094676,10.813771949421767,-0.7800024647647803
157,3.5083047578154947e-14,22.16644425365528,2.011108617376098,23.181015410482903,10.687997931926471,-0.7800024647647803
158,1.3766765505351941e-14,22.345283134325197,1.7238110647240001,23.308154081871127,10.56222391443118,-0.7800024647647678
159,-7.72715225139109e-14,22.524122014995115,1.3778575045502282,23.435292753259354,10.436449896935887,-0.7800024647647754
160,0.02335569038348284,22.702960895665033,0.9085472023103001,23.562431424647578,10.310675879440591,-0.7800024647647954
161,0.13031534972539838,22.88179977633495,0.4688453218593296,23.6895700960358,10.1849018619453,-0.7716486537138649
162,0.2188286868159386,22.98172042894258,0.6089510016837479,23.761513849915357,10.115560437852249,-0.753960054043414
163,0.2606309110453968,23.081641081550202,0.8777835341826188,23.835238822522726,10.048115903369638,-0.7279176433220289
164,0.2606309110452152,23.18156173415783,1.0817516088791574,23.91069501587975,9.982613997278275,-0.7018752326006618
165,0.26063091104546343,23.28148238676546,1.2529441941855044,23.98783125794831,9.919099140928957,-0.6758328218793112
166,0.26063091104540925,23.381403039373087,1.4034071982762757,24.066595237333637,9.857614408117291,-0.6497904111578954
167,0.2606309110452316,23.481323691980716,1.5392317481796505,24.146933538760248,9.798201495872382,-0.6237480004365554
168,0.260630911045602,23.58124434458834,1.6640063055874175,24.228791679296528,9.740900696179214,-0.5977055897151754
169,0.26063091104537595,23.681164997195967,1.7800560652589537,24.31211414530336,9.685750868653882,-0.5716631789937623
170,0.26063091104518454,23.781085649803597,1.8889897315485082,24.39684443008175,9.632789414190206,-0.5456207682724263
171,0.2606309110454159,23.881006302411222,1.9919751043439795,24.482925072193872,9.582052249595616,-0.5195783575510516
172,0.2606309110453453,23.980926955018848,2.0898917260845624,24.57029769443168,9.533573783233495,-0.4935359468296703
173,0.26063091104535285,24.080847607626474,2.18342163522926,24.658903043406468,9.48738689168849,-0.4674935361083097
174,0.26063091104546565,24.1807682602341,2.2731063872194186,24.748681029732687,9.443522897470645,-0.44145112538692693
175,0.26063091104531355,24.280688912841725,2.35938450830894,24.839570768778696,9.402011547773455,-0.41540871466554374
176,0.26063091104540104,24.380609565449355,2.4426170122388684,24.93151062195681,9.36288099430023,-0.3893663039441904
177,0.2606309110453897,24.48053021805698,2.5231053245770854,25.02443823852468,9.326157774172511,-0.36332389322278985
178,0.2606309110453011,24.58045087066461,2.6011042057825664,25.118290597869617,9.291866791933398,-0.3372814825014387
179,0.26063091104533753,24.680371523272235,2.6768312796607594,25.213004052247204,9.260031302658081,-0.31123907178005594
180,0.26063091104535596,24.780292175879865,2.7504741973341207,25.30851436994522,9.230672896182966,-0.2851966610586974
181,0.26063091104540925,24.880212828487487,2.8221961166140215,25.40475677884358,9.203811482464129,-0.25915425033731193
182,0.2606309110453189,24.980133481095116,2.8921399570321245,25.501666010340774,9.179465278074987,-0.23311183961594267
183,0.2606309110453848,25.080054133702745,2.960431749169755,25.599176343616982,9.157650793852408,-0.20706942889457347
184,0.26063091104540237,25.17997478631037,3.027183303323867,25.6972216502039,9.13838282369956,-0.181027018173192
185,0.2606309110453954,25.279895438917997,3.092494359308243,25.795735438831006,9.121674434553153,-0.15498460745182016
186,0.26063091104540537,25.379816091525623,3.0971129439325824,25.89465090051786,9.107536957521848,-0.1289421967304401
187,0.26063091104529224,25.479736744133252,3.0971129439332548,25.993900953881873,9.095979980201857,-0.10289978600906534
188,0.26063091104534336,25.57965739674088,3.097112943932951,26.09341829063081,9.087011340174927,-0.07685737528770695
189,0.26063091104545383,25.679578049348507,3.0971129439322946,26.19313542120918,9.080637119693142,-0.050814964566322895
190,0.2606309110452847,25.779498701956133,3.060013081953271,26.292984720567542,9.076861641554128,-0.02477255384494336
191,0.2606309110453098,25.879419354563762,2.960431749944487,26.392898474023713,9.075687466169462,0.0012698568764078235
192,0.2606309110454561,25.979340007171388,2.857382058884255,26.492808923184743,9.07711538982829,0.02731226759779237
193,0.2606309110453685,26.079260659779013,2.750474198167994,26.592648311898554,9.081144444157296,0.053354678319171865
194,0.26063091104536334,26.179181312386643,2.6392393599562154,26.69234893220406,9.087771896777436,0.07939708904053983
195,0.2606309110453814,26.279101964994265,2.5231053254861084,26.79184317024856,9.096993253156944,0.10543949976191738
196,0.26063091104541114,26.379022617601894,2.401361398842454,26.891063552141393,9.108802259659381,0.13148191048328894
197,0.2606309110453865,26.47894327020952,2.2731063882284155,26.989942789712586,9.123190907784666,0.15752432120467338
198,0.2606309110452383,26.57886392281715,2.1371683921860383,27.088413826145622,9.140149439600183,0.18356673192603998
199,0.26063091104528135,26.67878457542478,1.9919751054953674,27.186409881453265,9.159666354358308,0.20960914264739575
200,0.2606309110453997,26.778705228032404,1.835331279433641,27.283864497765666,9.181728416295858,0.23565155336877003
201,0.26063091104542235,26.878625880640033,1.6640063069657367,27.38071158440004,9.20632066361018,0.2616939640901494
202,0.26063091104545166,26.97854653324766,1.472885967743598,27.47688546268127,9.233426418605765,0.28773637481152825
203,0.26063091104538194,27.078467185855285,1.252944196016024,27.572320910483178,9.263027299004555,0.31377878553291255
204,0.26063091104528757,27.17838783846291,0.9850610350046773,27.666953206460104,9.295103230412222,0.3398211962542775
205,0.21886772102914342,27.278308491070536,0.6089510054501361,27.760718173938926,9.329632459931998,0.3658636069756429
206,0.13031535044377707,27.378229143678166,0.46846754774948374,27.85355222444167,9.36659157091682,0.3835600072942295
207,0.023394724116850618,27.556602916352414,0.9061843301987724,28.018402185416377,9.434721543356876,0.3919060176970277
208,9.103828801926284e-15,27.734976689026666,1.2388160198329723,28.183252146391087,9.50285151579693,0.39190601769702116
209,9.103828801926284e-15,27.913350461700915,1.4993866151502762,28.348102107365794,9.570981488236987,0.391906017697031
210,-2.7533531010703882e-14,28.091724234375164,1.7209460515625692,28.5129520683405,9.639111460677043,0.3919060176970244
211,1.84297022087776e-14,28.270098007049416,1.9170681790394952,28.67780202931521,9.707241433117098,0.39190601769702116
212,-5.995204332975845e-15,28.448471779723665,2.094909423765811,28.842651990289916,9.775371405557154,0.391906017697031
213,-2.7533531010703882e-14,28.626845552397914,2.2587918417773243,29.007501951264622,9.84350137799721,0.391906017697019
214,9.103828801926284e-15,28.805219325072166,2.4115629113039545,29.172351912239332,9.911631350437265,0.39190601769702116
215,-9.325873406851315e-15,28.983593097746414,2.555216383376132,29.33720187321404,9.979761322877321,0.39190601769702227
216,5.773159728050814e-15,29.161966870420667,2.691212711134296,29.502051834188748,10.047891295317378,0.3919060176970178
217,2.1538326677728037e-14,29.340340643094915,2.8206596652676486,29.666901795163454,10.116021267757432,0.3919060176970244
218,-5.995204332975845e-15,29.518714415769164,2.94442117197333,29.83175175613816,10.184151240197489,0.39190601769702554
219,-3.1086244689504383e-15,29.697088188443413,3.063186433872707,29.996601717112867,10.252281212637545,0.39190601769702227
220,-9.325873406851315e-15,29.875461961117665,3.177515730780699,30.161451678087577,10.320411185077601,0.3919060176970244
221,-8.881784197001252e-15,30.053835733791914,3.287871851221668,30.326301639062283,10.388541157517656,0.391906017697019
222,1.4876988529977098e-14,30.232209506466166,3.3946423082193515,30.491151600036993,10.456671129957712,0.39190601769702116
223,1.84297022087776e-14,30.410583279140415,3.4981554412932825,30.6560015610117,10.524801102397769,0.3919060176970244
224,2.220446049250313e-16,30.588957051814663,3.598692343358459,30.820851521986405,10.592931074837823,0.3919060176970277
225,-2.220446049250313e-16,30.767330824488916,3.6964958640371566,30.985701482961115,10.66106104727788,0.3919060176970244
226,0.0,30.945704597163164,3.7917775203116544,31.15055144393582,10.729191019717936,0.3919060176970277
227,-9.103828801926284e-15,31.124078369837413,3.8847228799797024,31.315401404910528,10.79732099215799,0.3919060176970244
228,9.103828801926284e-15,31.302452142511665,3.975495811208308,31.480251365885238,10.865450964598047,0.3919060176970244
229,-5.995204332975845e-15,31.480825915185914,4.064241877107193,31.645101326859944,10.933580937038103,0.3919060176970277
230,-9.103828801926284e-15,31.659199687860163,4.151091076612123,31.80995128783465,11.001710909478158,0.39190601769702227
231,0.0,31.837573460534415,4.236160079249344,31.97480124880936,11.069840881918214,0.3919060176970244
232,-1.2212453270876722e-14,32.015947233208664,4.319554063525864,32.13965120978406,11.13797085435827,0.39190601769702227
233,5.773159728050814e-15,32.19432100588292,4.40136824162894,32.304501170758776,11.206100826798327,0.39190601769702
234,3.086420008457935e-14,32.37269477855717,4.481689133475996,32.46935113173348,11.274230799238381,0.3919060176970244
235,-3.352873534367973e-14,32.55106855123142,4.560595638709248,32.63420109270819,11.342360771678438,0.391906017697031
236,-3.064215547965432e-14,32.729442323905666,4.6381599444726795,32.799051053682895,11.410490744118494,0.39190601769701244
237,4.263256414560601e-14,32.90781609657992,4.7144482987098115,32.96390101465761,11.478620716558549,0.39190601769702
238,-1.199040866595169e-14,33.08618986925417,4.789521672558214,33.128750975632315,11.546750688998605,0.3919060176970277
239,0.0,33.26456364192842,4.863436330682435,33.29360093660702,11.614880661438661,0.3919060176970157
240,5.1958437552457326e-14,33.44293741460267,4.9362443247168,33.45845089758173,11.683010633878716,0.3919060176970277
241,0.0,33.621311187276916,4.852353861065885,33.62330085855643,11.751140606318772,0.39190601769703426
242,-3.352873534367973e-14,33.799684959951165,4.7407905835372555,33.78815081953114,11.819270578758829,0.3919060176970277
243,-3.68594044175552e-14,33.97805873262541,4.626537876307728,33.953000780505846,11.887400551198883,0.39190601769702227
244,-3.3306690738754696e-15,34.15643250529967,4.50939132088406,34.11785074148056,11.95553052363894,0.39190601769701455
245,3.68594044175552e-14,34.33480627797392,4.3891192110512325,34.282700702455266,12.023660496078996,0.39190601769702116
246,3.6637359812630166e-14,34.51318005064817,4.265457163396849,34.44755066342997,12.09179046851905,0.3919060176970277
247,-4.884981308350689e-14,34.691553823322415,4.1381012767606355,34.61240062440468,12.159920440959107,0.39190601769703426
248,-3.9745984281580604e-14,34.869927595996664,4.006699332453398,34.777250585379385,12.228050413399163,0.3919060176970103
249,4.884981308350689e-14,35.04830136867092,3.870839302352524,34.9421005463541,12.296180385839218,0.39190601769702
250,2.1760371282653068e-14,35.22667514134517,3.7300340841058657,35.106950507328804,12.364310358279274,0.3919060176970277
251,0.0,35.40504891401942,3.583700829107529,35.27180046830351,12.43244033071933,0.3919060176970277
252,1.8207657603852567e-14,35.583422686693666,3.4311323198764136,35.43665042927822,12.500570303159385,0.3919060176970277
253,-1.532107773982716e-14,35.761796459367915,3.2714563057536026,35.60150039025292,12.568700275599442,0.39190601769703426
254,-5.1958437552457326e-14,35.94017023204216,3.103575957570479,35.76635035122763,12.636830248039498,0.39190601769702227
255,-2.886579864025407e-15,36.11854400471641,2.9260794740341596,35.931200312202336,12.704960220479553,0.3919060176970157
256,3.6637359812630166e-14,36.29691777739067,2.7370967195768747,36.09605027317705,12.773090192919609,0.39190601769702116
257,1.84297022087776e-14,36.47529155006492,2.5340591580057867,36.260900234151755,12.841220165359665,0.3919060176970288
258,-3.68594044175552e-14,36.653665322739165,2.313268938153864,36.42575019512646,12.909350137799722,0.3919060176970277
259,-2.1538326677728037e-14,36.832039095413414,2.0690506383803204,36.59060015610117,12.977480110239776,0.3919060176970157
260,3.352873534367973e-14,37.01041286808767,1.7918504145537586,36.75545011707588,13.045610082679833,0.39190601769702
261,3.9968028886505635e-14,37.18878664076192,1.4630397370170725,36.92030007805059,13.113740055119887,0.3919060176970277
262,6.217248937900877e-15,37.36716041343617,1.0345253191901551,37.085150039025294,13.181870027559944,0.39190601769703426
263,-2.3962932334300116e-14,37.545534186110416,0.0,37.25,13.25,0.39190601769703
