step,wall_s,curriculum,train_success,train_return,val_success,val_ttg,val_coll,val_timeout,val_stuck,std_accel,std_steer,kl,ev
2048,10.9,0.151,0.0,-32.16,0.0,nan,1.0,0.0,0.0,0.495,0.498,0.0036,-0.074
253952,1129.1,0.33,0.03,-13.6,0.0333,20.625,0.3,0.05,0.6167,0.434,0.433,0.0115,0.58
505856,1992.0,0.508,0.1867,1.18,0.2667,12.0406,0.3333,0.0167,0.3833,0.399,0.385,0.0108,0.44
757760,2849.9,0.687,0.21,3.03,0.2,12.2792,0.4,0.0,0.4,0.368,0.375,0.008,0.431
1009664,3696.7,0.865,0.1367,-3.98,0.3,13.65,0.4,0.0333,0.2667,0.35,0.357,0.0094,0.439
1261568,4560.8,1.0,0.2667,4.24,0.3667,11.6295,0.4333,0.0167,0.1833,0.342,0.355,0.0082,0.51
1513472,5376.1,1.0,0.38,10.16,0.5167,13.6194,0.3333,0.0167,0.1333,0.347,0.349,0.0124,0.385
1765376,6239.0,1.0,0.44,14.01,0.6,10.4444,0.3,0.0,0.1,0.346,0.343,0.0083,0.462
2017280,7159.8,1.0,0.4133,13.21,0.6333,9.6355,0.3,0.0,0.0667,0.348,0.342,0.0109,0.47
2269184,8012.9,1.0,0.4833,16.89,0.6667,11.1762,0.2667,0.0,0.0667,0.343,0.337,0.0062,0.414
2398208,8457.5,1.0,0.5033,17.37,0.6667,9.8262,0.2833,0.0,0.05,0.34,0.337,0.0043,0.437
