train_seed,step,val_gt_stage1,sel_gt,sel_mcl,sel_mean
0,2398208,0.6667,0.6312,0.6625,0.6469
0,2269184,0.6667,0.5875,0.625,0.6062
0,2017280,0.6333,0.5563,0.6,0.5781
0,1765376,0.6,0.5625,0.5062,0.5344
1,2269184,0.7167,0.6438,0.6125,0.6281
1,2017280,0.65,0.5375,0.5625,0.55
1,1765376,0.5833,0.625,0.6125,0.6188
1,2398208,0.5667,0.625,0.6062,0.6156
2,2269184,0.5833,0.575,0.575,0.575
2,2017280,0.5833,0.5687,0.5813,0.575
2,1261568,0.5833,0.5188,0.5062,0.5125
2,2398208,0.5667,0.575,0.575,0.575
