policy,speed_cap_4mps,pose,n,success,collision_static,collision_dynamic,timeout,stuck,ttg_mean_s
ppo_s0,0,gt,160,0.631,0.194,0.131,0.0,0.044,10.28
ppo_s0,0,mcl,160,0.662,0.163,0.138,0.0,0.037,10.37
ppo_s0,1,gt,160,0.644,0.131,0.194,0.0,0.031,13.55
ppo_s0,1,mcl,160,0.637,0.131,0.2,0.0,0.031,13.14
ppo_s1,0,gt,160,0.644,0.094,0.2,0.006,0.056,10.91
ppo_s1,0,mcl,160,0.613,0.106,0.212,0.0,0.069,10.78
ppo_s1,1,gt,160,0.581,0.062,0.275,0.006,0.075,12.08
ppo_s1,1,mcl,160,0.581,0.056,0.263,0.019,0.081,12.53
ppo_s2,0,gt,160,0.575,0.175,0.2,0.006,0.044,12.8
ppo_s2,0,mcl,160,0.575,0.175,0.194,0.0,0.056,12.51
ppo_s2,1,gt,160,0.613,0.087,0.244,0.013,0.044,14.49
ppo_s2,1,mcl,160,0.556,0.087,0.287,0.013,0.056,13.49
